Valor Arriendo,Valor_Arriendo_SM,Area Construida,Estrato,latitud,longitud,dist_transmilenio_cercana_m,dist_bus_cercana_m,num_farmacias_120m,num_colegios_120m,num_transmilenio_120m,num_bus_120m,dist_farmacia_cercana_m,dist_supermercado_cercano_m,dist_via_principal_m,num_universidades_300m
2800000,2.1538461538461537,66.1,,4.643671,-74.10554,536.9334168794516,312.58741897352746,1.0,1.0,1.0,1.0,402.8730118997521,423.24587086750057,485.364123228149,1.0
1750000,1.3461538461538463,41.0,,4.646222,-74.117714,687.3290941498027,661.7167756458563,1.0,1.0,1.0,1.0,923.477366482682,710.5725070847743,654.7033669765163,1.0
1500000,1.1538461538461537,40.0,3.0,4.6532874,-74.07918,383.5680716523428,130.78146762272493,1.0,1.0,1.0,1.0,301.7072108855424,500.39949113750265,1758.950619171494,1.0
1350000,1.0384615384615385,38.51,,4.6607475,-74.117966,620.5837411227185,119.22272955636544,1.0,1.0,1.0,1.0,308.01041361347654,85.97102289079447,910.3905259844727,1.0
3850000,2.9615384615384617,70.0,5.0,4.6644120000000004,-74.110954,367.226631269326,163.48400645385263,1.0,1.0,1.0,1.0,534.9213427369226,578.9453580610808,51.49088891380566,1.0
2000000,1.5384615384615385,41.0,,4.646222,-74.117714,687.3290941498027,661.7167756458563,1.0,1.0,1.0,1.0,923.477366482682,710.5725070847743,654.7033669765163,1.0
3000000,2.3076923076923075,140.0,,4.6712998599999995,-74.12449614,916.2735635278482,63.78018808354838,1.0,1.0,1.0,3.0,192.28991575098016,504.4009506695037,119.32943418508796,1.0
6500000,5.0,124.0,,4.64242877,-74.10268777,640.2409730646559,171.31427664594744,1.0,1.0,1.0,1.0,143.62186721515604,137.00472321522935,568.5182688287796,1.0
7370000,5.6692307692307695,175.0,,4.6626739501953125,-74.1139907836914,587.2254152584709,108.63087011701957,1.0,1.0,1.0,1.0,437.7008633593209,470.9292497976504,424.3117340605877,1.0
4750000,3.6538461538461537,90.0,5.0,4.663535118103027,-74.11225128173828,426.91288299242825,267.42191161045605,1.0,1.0,1.0,1.0,597.7689362504278,576.1999043832824,209.28623254784102,1.0
2324000,1.7876923076923077,64.91,4.0,4.6724,-74.12299,712.560402993677,164.63795821501654,1.0,1.0,1.0,1.0,167.57759191935264,341.27933920143545,170.3946092419129,1.0
17800000,13.692307692307692,305.0,3.0,4.69754,-74.10703,247.7427162335301,192.64957911922926,1.0,1.0,1.0,1.0,138.21812332350507,213.05962413493066,198.91081674025588,1.0
1900000,1.4615384615384615,45.4,5.0,4.7001,-74.07929,1054.7603446791388,41.03174480224795,1.0,1.0,1.0,1.0,539.0758875050328,225.06053129611345,35.42585201439531,1.0
2000000,1.5384615384615385,41.0,,4.66103,-74.07769,422.9338242257307,21.741401839062057,1.0,1.0,1.0,1.0,217.73619805767012,80.04242156717288,1671.0250433380168,1.0
2500000,1.9230769230769231,90.0,4.0,4.6794535,-74.0829183,360.109263320091,436.1241486040476,1.0,1.0,1.0,1.0,262.76995336579216,333.9208939267186,153.73093843722594,1.0
1250000,0.9615384615384616,36.0,,4.65298,-74.07679,379.85859847580934,120.84166159646018,1.0,1.0,1.0,1.0,127.88850286791904,411.3677103259627,1498.1291144125382,1.0
8000000,6.153846153846154,300.0,6.0,4.7069515783,-74.0828919411,1300.1390490593028,153.50365085603752,1.0,1.0,1.0,1.0,970.9854403834702,733.8049870756051,531.0773920467444,1.0
2000000,1.5384615384615385,113.6,5.0,4.64669,-74.08517,732.1193205281274,95.9873658891285,1.0,1.0,1.0,1.0,393.29300814417803,328.1211361570388,1248.0146384854802,1.0
3700000,2.8461538461538463,76.0,,4.675901,-74.125822,797.8645648228461,67.33539484093357,1.0,1.0,1.0,1.0,424.1429563024248,551.9338591730877,295.34753869685267,1.0
4500000,3.4615384615384617,92.0,4.0,4.64259544,-74.088540862,754.6856224540787,110.22125378030655,1.0,1.0,1.0,1.0,244.81253442862518,216.73523633539736,688.9018651127438,1.0
1950000,1.5,29.0,,4.68189409,-74.11537944,672.1739258302689,106.46430687855906,1.0,1.0,1.0,1.0,279.9021819383382,106.31324796993347,92.62363789212112,1.0
1800000,1.3846153846153846,35.0,,4.656310081481934,-74.11212158203125,434.92698147185445,79.02827681128697,2.0,1.0,1.0,1.0,53.799437089962815,57.7540568117408,613.0856420474439,1.0
9500000,7.3076923076923075,189.0,,4.707333088,-74.083687504,1206.0426721154784,237.8216969829068,1.0,1.0,1.0,1.0,909.7045116916182,658.3509571361989,553.5791068308025,1.0
16000000,12.307692307692308,285.0,,4.69229,-74.09074,460.40920302877134,149.91584030292412,1.0,1.0,1.0,1.0,317.0409643550097,280.45129178674625,1224.729232762669,1.0
2200000,1.6923076923076923,72.0,,4.67307,-74.10992,582.7196982680618,189.3991051880686,1.0,1.0,1.0,1.0,115.64120735818125,178.94725535972992,517.3966303587225,1.0
2800000,2.1538461538461537,104.05,4.0,4.64243,-74.08869,730.0178055459153,114.3350907547012,1.0,1.0,1.0,1.0,235.4641903595603,237.69496147638188,664.9549357588083,1.0
3850000,2.9615384615384617,145.0,4.0,4.702544689178467,-74.08045196533203,1126.5330823901827,48.020445503583346,1.0,1.0,1.0,3.0,799.8132564927747,263.60936258405945,195.67884357764422,1.0
4500000,3.4615384615384617,72.0,4.0,4.6471,-74.10564,251.31725867519955,91.25492506208845,1.0,1.0,1.0,1.0,541.6587252998003,465.4664889328355,227.49458452282897,1.0
3500000,2.6923076923076925,53.0,,4.66453,-74.11429,508.45979679950466,261.7041389059747,1.0,1.0,1.0,1.0,409.35543365864777,427.55508944271173,340.52422554427096,1.0
8000000,6.153846153846154,160.0,4.0,4.650898456573486,-74.11213684082031,432.8454663625557,293.69576908291225,1.0,1.0,1.0,1.0,232.73078070494313,172.31426448476407,569.2827651528136,1.0
1500000,1.1538461538461537,40.0,3.0,4.700276851654053,-74.11322021484375,871.3273477213575,175.36946339860646,1.0,1.0,1.0,1.0,251.65889529984307,302.83485989471944,947.0589299044136,1.0
2000000,1.5384615384615385,90.0,3.0,4.670446872711182,-74.08161926269531,850.3511233778909,103.15789932698401,1.0,1.0,1.0,1.0,353.8669291970775,144.27182762404684,810.7041631292891,1.0
2700000,2.076923076923077,87.82,4.0,4.689205646514893,-74.06744384765625,61.46944742077039,362.97179932336803,1.0,1.0,1.0,1.0,293.66423059221194,81.67510975578824,36.4275315048872,1.0
2000000,1.5384615384615385,45.0,4.0,4.694316864013672,-74.0696029663086,290.70722597628406,295.295092637369,1.0,1.0,1.0,1.0,198.6801478926229,455.79027963614806,177.86065543169124,1.0
1400000,1.0769230769230769,40.0,4.0,4.663420433,-74.126086235,325.6697799818573,174.50576518906072,1.0,1.0,1.0,1.0,290.40487240311325,275.1597375780552,555.2235576564233,1.0
4600000,3.5384615384615383,64.0,,4.68725,-74.06444,27.05661566726384,220.3409637615575,1.0,1.0,1.0,1.0,107.08510014829287,79.05779221241198,65.68772954274284,1.0
4700000,3.6153846153846154,81.0,,4.69689,-74.11251,793.6722765281717,198.0708492907612,1.0,1.0,1.0,1.0,157.48416412144473,80.41019581776938,690.3420540275827,1.0
3800000,2.923076923076923,92.0,4.0,4.649900436401367,-74.1088638305664,244.97563673240725,164.10947947061533,1.0,1.0,1.0,1.0,322.9499001168287,337.9394364584254,235.60807618943727,1.0
2960000,2.276923076923077,88.0,,4.64444,-74.086,814.3981233947231,157.7970488942612,1.0,1.0,1.0,1.0,532.3925656755148,166.55353498136338,1036.7811992475,1.0
1500000,1.1538461538461537,52.0,,4.68653,-74.11271,1109.8215493301504,274.8079449236481,1.0,1.0,1.0,1.0,408.84545231075333,245.34165920833493,86.97487549443916,1.0
3011000,2.316153846153846,75.0,4.0,4.66431,-74.10941,272.6840851063021,39.982086264388215,1.0,1.0,1.0,1.0,442.31591585202284,592.5751237248794,48.464568043614584,1.0
2850000,2.1923076923076925,72.0,4.0,4.65944,-74.12234,426.77547152201885,420.95864069751525,1.0,1.0,1.0,1.0,488.1499546956358,420.88041931192834,1100.3890506122207,1.0
3000000,2.3076923076923075,77.0,4.0,4.64875,-74.10845,115.59121371965429,261.7467580348846,1.0,1.0,1.0,1.0,444.46056414805633,378.90908468882026,103.21115875186557,1.0
3000000,2.3076923076923075,100.0,4.0,4.663705825805664,-74.11463928222656,606.1843436934915,165.29423410498853,1.0,1.0,1.0,1.0,355.9166283655478,381.7735779685596,423.7889450752382,1.0
1700000,1.3076923076923077,55.0,4.0,4.69829,-74.08591,527.8885134108344,195.95364932833033,1.0,1.0,1.0,1.0,461.36253571347726,164.83806405030276,427.9081013682885,1.0
4700000,3.6153846153846154,89.0,5.0,4.664163,-74.1129044,522.6932585648079,205.1797013370609,1.0,1.0,1.0,1.0,526.7960124674872,531.365304832771,234.89160991069292,1.0
1600000,1.2307692307692308,50.0,,4.6862200000000005,-74.09407,123.21188476296201,102.87184076165256,1.0,1.0,1.0,1.0,310.17351900019696,207.37329226466323,1273.1260443616577,1.0
2000000,1.5384615384615385,140.0,3.0,4.6745577,-74.09173,435.4024851101789,506.70793700255416,1.0,1.0,1.0,1.0,37.67796250502686,329.5131393278831,404.4656289345082,1.0
1000000,0.7692307692307693,65.0,,4.676007,-74.09276,631.4951338006143,661.7459047882862,1.0,1.0,1.0,1.0,59.96601153014635,244.30086508434948,570.5412639174364,1.0
1550000,1.1923076923076923,37.0,,4.646133,-74.11761,672.5057724706367,650.2765293854084,1.0,1.0,1.0,1.0,930.1861044592282,698.6277811909039,640.1277848220499,1.0
3900000,3.0,62.0,5.0,4.662831,-74.11232,408.3389500926339,256.8517047721655,1.0,1.0,1.0,1.0,617.5761766008934,497.9843135283199,255.9199828029802,1.0
3400000,2.6153846153846154,58.0,4.0,4.6426,-74.09975,352.013728997524,157.38800604402238,1.0,1.0,1.0,1.0,258.7449504511822,232.79300184838448,287.7066356013564,1.0
4100000,3.1538461538461537,140.0,5.0,4.6460675,-74.1060794,281.1186003734502,198.81454457414216,1.0,1.0,1.0,1.0,535.7283398020735,573.4361162196941,263.3590677262008,1.0
1399980,1.0769076923076923,42.0,,4.64625,-74.11788,705.0311405018234,666.1376339950709,1.0,1.0,1.0,1.0,925.3199609766474,717.6042805474268,667.6327182714139,1.0
2820000,2.169230769230769,65.0,,4.6422764999999995,-74.0907071,586.7768231776928,83.38596733049988,1.0,1.0,1.0,1.0,107.70049485654198,398.3737355923547,467.24133302160794,1.0
4500000,3.4615384615384617,86.0,,4.66053,-74.06775,667.6435302243106,159.8566340297874,1.0,1.0,1.0,1.0,10.49448534480315,270.92230309018095,655.9623960558206,1.0
1800000,1.3846153846153846,65.0,3.0,4.674346852,-74.120928088,425.8298947583091,413.46953016071495,1.0,1.0,1.0,1.0,162.404867502069,43.87154561491459,223.52530691466006,1.0
2600000,2.0,80.0,4.0,4.671075820922852,-74.1089096069336,535.0565269086212,177.08418957498867,1.0,1.0,1.0,1.0,172.73191296117525,162.03400322444432,494.8218844624346,1.0
20000000,15.384615384615385,325.0,,4.6865217,-74.0988907,429.0738575349368,284.5875904572433,1.0,1.0,1.0,1.0,132.39325863152933,92.85563325950439,1169.5046084122023,1.0
2100000,1.6153846153846154,52.0,4.0,4.66512,-74.11413,440.9120815737448,212.491616898724,1.0,1.0,1.0,1.0,417.0968965113467,395.47927728320195,289.1863485442896,1.0
2900000,2.230769230769231,140.0,3.0,4.65286,-74.07675,370.1949056833011,114.59617942774238,1.0,1.0,1.0,1.0,140.34671169234497,423.7367441774376,1495.2755365340765,1.0
12000000,9.23076923076923,285.0,,4.70613,-74.09086,566.0803075293834,233.02918815201883,1.0,1.0,1.0,1.0,294.56775904954037,150.448501037487,586.9463779074197,1.0
3000000,2.3076923076923075,57.41,4.0,4.6502556800842285,-74.11280059814453,440.5925702666121,396.0490412519194,1.0,1.0,1.0,1.0,327.605328595669,247.98089269708078,571.1810529689491,1.0
26000000,20.0,272.0,3.0,4.70708,-74.10837,59.434298030975405,348.5768148220498,1.0,1.0,1.0,1.0,117.94661904284037,200.67351764065467,907.5270826850871,1.0
1500000,1.1538461538461537,35.0,,4.650658130645752,-74.08656311035156,915.2243971914747,213.0636169961121,1.0,1.0,1.0,1.0,122.97515354185619,180.2891036830401,1356.6627382266688,1.0
1400000,1.0769230769230769,43.0,,4.65298,-74.07679,379.85859847580934,120.84166159646018,1.0,1.0,1.0,1.0,127.88850286791904,411.3677103259627,1498.1291144125382,1.0
6500000,5.0,124.0,,4.64259,-74.10287,639.3793059174645,189.41882599416138,1.0,1.0,1.0,1.0,143.93012073560723,143.26188365685618,580.2014432956875,1.0
1250000,0.9615384615384616,65.0,3.0,4.679426670074463,-74.07820892333984,275.0117599347248,270.51003308119135,1.0,1.0,1.0,1.0,76.48329031480654,474.3692146928059,496.459300211231,1.0
28200000,21.692307692307693,387.68,,4.71179,-74.0961,288.7014556766158,14.634953248335979,1.0,1.0,1.0,2.0,135.45502465701148,8.479205707799952,255.84525861516943,1.0
11000000,8.461538461538462,235.0,3.0,4.659955024719238,-74.06761169433594,653.0212938509726,186.8027421563579,3.0,1.0,1.0,1.0,54.919140650133684,299.32948240405824,641.350788577617,1.0
7370000,5.6692307692307695,175.0,,4.6626739501953125,-74.1139907836914,587.2254152584709,108.63087011701957,1.0,1.0,1.0,1.0,437.7008633593209,470.9292497976504,424.3117340605877,1.0
1800000,1.3846153846153846,63.0,,4.67791,-74.07897,461.95047603814163,426.3398249794099,1.0,1.0,1.0,1.0,104.74617495574688,306.1528410997273,514.1116164214432,1.0
3800000,2.923076923076923,87.0,5.0,4.67344,-74.11468,332.85854205877655,240.4642305535063,1.0,1.0,1.0,1.0,345.02602625484786,465.4452974691403,102.38509969489604,1.0
220000000,169.23076923076923,52.0,,4.68738317489624,-74.0787582397461,265.227024158572,304.77176755400404,1.0,1.0,1.0,1.0,271.39331234074973,177.89708311090897,263.4938638307956,1.0
4100000,3.1538461538461537,140.0,5.0,4.6460675,-74.1060794,281.1186003734502,198.81454457414216,1.0,1.0,1.0,1.0,535.7283398020735,573.4361162196941,263.3590677262008,1.0
1350000,1.0384615384615385,52.0,3.0,4.6749,-74.09149,457.16337390286026,492.0362425955248,1.0,1.0,1.0,1.0,58.42435005432249,292.21203680161443,402.3666717269774,1.0
3689000,2.8376923076923077,103.5,5.0,4.69512,-74.06775,206.8546351809684,231.33860923094497,2.0,1.0,1.0,1.0,28.71387900379198,281.7286765624751,64.14072012998507,1.0
6500000,5.0,124.0,4.0,4.665481090545654,-74.12740325927734,214.3006892860391,43.23001943015542,1.0,1.0,1.0,1.0,182.06663024327747,155.1382897686301,301.6589950223178,1.0
3000000,2.3076923076923075,112.0,4.0,4.650543,-74.088766,1158.0540566268141,199.42552356175244,1.0,1.0,1.0,1.0,209.04392364234735,237.2444816174921,1145.1450925982697,1.0
1650000,1.2692307692307692,60.0,3.0,4.65426,-74.07423,502.39396211827653,181.4272710423021,1.0,1.0,1.0,1.0,32.426196524032626,339.54441657605713,1204.866966236925,1.0
1400000,1.0769230769230769,40.0,,4.65251,-74.07144,818.1376609610033,102.09649166932891,1.0,1.0,1.0,3.0,174.59870024458908,279.10688764878114,921.7866397669367,1.0
8000000,6.153846153846154,178.0,,4.671755,-74.070852,218.72992186121928,83.47168462375951,1.0,1.0,1.0,1.0,109.50109960749306,251.71740373014092,279.2525868588281,1.0
2000000,1.5384615384615385,53.0,3.0,4.69093,-74.09535,460.60079100403846,191.34403287117385,1.0,3.0,1.0,1.0,156.50128885911857,422.69327200321527,1271.7860348799047,1.0
1400000,1.0769230769230769,39.0,4.0,4.6716242,-74.1057775,880.2204961770841,80.02337155724678,1.0,1.0,1.0,2.0,106.30108489630473,63.27156122161631,829.6198078363622,1.0
4300000,3.3076923076923075,73.0,,4.651595115661621,-74.08389282226562,642.552638635012,40.702742720164565,1.0,1.0,1.0,1.0,413.157270890646,450.1921704418037,1661.7431058124478,1.0
7000000,5.384615384615385,158.0,,4.653862,-74.113719,140.85946555245508,273.68404538828423,1.0,1.0,1.0,1.0,215.62044508338056,213.35479288716022,911.3130009406617,1.0
6000000,4.615384615384615,118.0,5.0,4.663535118103027,-74.11225128173828,426.91288299242825,267.42191161045605,1.0,1.0,1.0,1.0,597.7689362504278,576.1999043832824,209.28623254784102,1.0
1800000,1.3846153846153846,110.0,3.0,4.68569,-74.10375,974.7229470446962,37.10007995635059,1.0,2.0,1.0,3.0,49.218504206371485,132.77370671519344,738.5905117129815,1.0
1750000,1.3461538461538463,42.0,,4.6510531,-74.1204606,537.9101493253493,352.54885601068725,1.0,1.0,1.0,1.0,646.9258730713722,916.245101686377,657.2823818678413,1.0
3300000,2.5384615384615383,56.0,4.0,4.664479,-74.109825,305.5968566217277,63.70792175434285,1.0,1.0,1.0,1.0,463.234763718535,568.4018658243026,30.574589948015284,1.0
2400000,1.8461538461538463,64.0,,4.6730504,-74.12331,718.8573675970803,119.10021265649043,1.0,1.0,1.0,1.0,186.47867787356893,318.5817910025413,106.58177822289224,1.0
3000000,2.3076923076923075,74.0,,4.6564965,-74.12843,849.7209862472264,92.45191655093875,1.0,1.0,1.0,2.0,611.5239386396073,145.40080113018902,392.0876296864269,1.0
2300000,1.7692307692307692,35.0,5.0,4.6648119999999995,-74.111496,440.54201519792593,155.29498136059294,1.0,1.0,1.0,1.0,473.64200652736065,545.928213754533,63.435438760603915,1.0
1690000,1.3,30.0,4.0,4.66874,-74.08489,605.3745267618808,306.49650647771404,1.0,1.0,1.0,1.0,89.58014264695747,294.3368688345163,602.9180163175597,1.0
1350000,1.0384615384615385,25.0,4.0,4.64730167388916,-74.08843994140625,1025.2361705202875,148.21495269387518,1.0,1.0,1.0,1.0,127.27819061818559,143.06266369729371,980.9685823561346,1.0
3350000,2.576923076923077,136.0,4.0,4.64419,-74.08202,387.7720565864692,72.67373379037728,1.0,1.0,1.0,2.0,471.83970957558836,511.14211214545355,1303.1483891694038,1.0
1350000,1.0384615384615385,60.0,3.0,4.673293590545654,-74.09469604492188,593.7083782099128,614.4537692373833,1.0,1.0,1.0,1.0,72.11959119322053,92.06373969634559,563.7858447021982,1.0
2200000,1.6923076923076923,60.0,4.0,4.6581716,-74.1214414,260.6240299350623,260.83537963120955,1.0,1.0,1.0,1.0,639.4165269347875,403.3309218982935,1084.0456100782776,1.0
2933000,2.256153846153846,65.0,,4.65943,-74.06679,569.0359859766281,175.57870416960188,1.0,1.0,1.0,1.0,66.83162022853263,228.9430045341614,557.5162203914206,1.0
4000000,3.076923076923077,110.0,6.0,4.707248687744141,-74.08244323730469,1243.314868733515,99.69146675203964,1.0,1.0,1.0,2.0,923.8645760808892,776.4513121989106,471.74662881993004,1.0
2000000,1.5384615384615385,27.0,,4.66411,-74.06867,630.0897551143245,8.606888909779707,1.0,1.0,1.0,2.0,245.55721039470015,262.8713954305568,819.2651518071809,1.0
4500000,3.4615384615384617,86.0,,4.66053,-74.06775,667.6435302243106,159.8566340297874,1.0,1.0,1.0,1.0,10.49448534480315,270.92230309018095,655.9623960558206,1.0
1590000,1.2230769230769232,30.0,4.0,4.66874,-74.08489,605.3745267618808,306.49650647771404,1.0,1.0,1.0,1.0,89.58014264695747,294.3368688345163,602.9180163175597,1.0
4100000,3.1538461538461537,140.0,5.0,4.6460675,-74.1060794,281.1186003734502,198.81454457414216,1.0,1.0,1.0,1.0,535.7283398020735,573.4361162196941,263.3590677262008,1.0
6000000,4.615384615384615,94.0,,4.649775981903076,-74.08493041992188,730.6063019587834,99.46582258102447,1.0,1.0,1.0,1.0,239.84277548185915,253.23534315055153,1456.8711506794102,1.0
2200000,1.6923076923076923,60.0,4.0,4.658859729766846,-74.12076568603516,326.65150056586725,262.58408542103473,1.0,1.0,1.0,1.0,585.4520103241463,296.8183807672611,1189.6494535012732,1.0
1650000,1.2692307692307692,60.0,,4.67952,-74.11448,570.6068197947216,276.89987035770196,1.0,1.0,1.0,1.0,105.67492191667003,236.79017055292127,347.4598679472373,1.0
6650000,5.115384615384615,194.0,,4.7073,-74.08366,1209.8911269513515,234.68880940015805,1.0,1.0,1.0,1.0,910.6904594500971,660.2428385516995,557.6694542868116,1.0
1850000,1.4230769230769231,85.0,3.0,4.6896461,-74.0968441,375.62069710485326,73.19779186022491,1.0,1.0,1.0,1.0,80.70583794030472,306.0493461846722,1199.4226537931956,1.0
3500000,2.6923076923076925,100.98,4.0,4.67102,-74.11228,247.7105392192707,172.11554743661515,1.0,1.0,1.0,1.0,236.52758768698584,104.61299306669575,173.7774478678988,1.0
1200000,0.9230769230769231,35.0,3.0,4.6731300000000005,-74.08082,742.8205741123818,96.26070681720991,1.0,1.0,1.0,1.0,86.93443186094116,157.7220073277231,734.9048790263604,1.0
20000000,15.384615384615385,340.0,4.0,4.648503303527832,-74.10943603515625,198.50519468681856,330.88775661056195,1.0,1.0,1.0,1.0,487.8513959038771,476.96331262730496,178.23998286473804,1.0
1850000,1.4230769230769231,32.0,4.0,4.696307182312012,-74.06916809082031,325.58622762990774,290.0724214230186,1.0,1.0,1.0,1.0,91.43919787758449,484.2470758181796,76.15392776153257,1.0
1600000,1.2307692307692308,35.0,4.0,4.6708173550000005,-74.110662137,351.6357665328177,251.71481160365755,1.0,1.0,1.0,1.0,147.03093189153407,69.32888652244385,312.52110559170217,1.0
2200000,1.6923076923076923,60.0,4.0,4.6581716,-74.1214414,260.6240299350623,260.83537963120955,1.0,1.0,1.0,1.0,639.4165269347875,403.3309218982935,1084.0456100782776,1.0
5500000,4.230769230769231,118.0,,4.660244941711426,-74.11106872558594,317.9902752884676,52.852023826512884,1.0,1.0,1.0,1.0,452.75475300413433,274.183535857331,280.4221315243426,1.0
6650000,5.115384615384615,194.0,6.0,4.7074902,-74.0837398,1196.3142510575246,244.74741537429858,1.0,1.0,1.0,1.0,912.9265339166867,658.0156900084271,535.5281736849779,1.0
3500000,2.6923076923076925,63.0,4.0,4.650740604,-74.112606764,410.0301614493032,344.1818011431248,1.0,1.0,1.0,1.0,270.1848333839433,191.22339110329878,593.2170862140928,1.0
2100000,1.6153846153846154,52.0,,4.675595304,-74.078574403,644.8423430945138,358.01426313277295,1.0,1.0,1.0,1.0,118.95119980956365,215.21738439945312,737.1353139840041,1.0
3900000,3.0,90.0,5.0,4.65262,-74.1073,512.1263870982301,91.36971358053503,1.0,1.0,1.0,2.0,112.74922071820342,195.99722913594363,272.12878267934394,1.0
6230000,4.792307692307692,178.0,3.0,4.698366165161133,-74.10911560058594,487.373756593798,60.44997880424662,1.0,1.0,1.0,1.0,189.19033524090534,58.599776896256415,445.1873847398433,1.0
1550000,1.1923076923076923,45.0,3.0,4.69033,-74.08548,116.57371811067877,468.6275823464648,1.0,1.0,1.0,1.0,414.1809066708098,167.34772333303883,987.5091878320762,1.0
1682300,1.2940769230769231,64.0,,4.67189,-74.13031,858.4451956384295,392.11231503383675,1.0,1.0,1.0,1.0,473.20720260940766,622.9433162584746,394.02350196856526,1.0
3500000,2.6923076923076925,88.0,3.0,4.65587,-74.07708,161.86662804128267,71.0874306444621,1.0,1.0,1.0,1.0,92.59540829032764,133.5757998750647,1528.2551173606175,1.0
1500000,1.1538461538461537,60.0,3.0,4.68631,-74.06458,78.43805847761149,127.45393184101627,2.0,1.0,1.0,1.0,14.513493717359292,56.49911896770347,40.701211888252,1.0
3000000,2.3076923076923075,95.0,4.0,4.65395,-74.10808,443.17820785286415,133.58218550434017,1.0,1.0,1.0,1.0,133.2252556764477,142.9507636388751,378.767672423903,1.0
2838200,2.1832307692307693,55.0,4.0,4.6964318,-74.069247,310.23780318901504,274.3784091120407,1.0,1.0,1.0,1.0,93.6509750224076,499.16080570232464,67.94635209564713,1.0
4400000,3.3846153846153846,92.0,4.0,4.641909122467041,-74.08787536621094,756.0053112542412,216.10914325941175,1.0,1.0,1.0,1.0,341.54838484304145,187.99260096226595,714.9112939241918,1.0
4400000,3.3846153846153846,95.0,,4.6538621,-74.1137188,140.88346341708646,273.6947894224709,1.0,1.0,1.0,1.0,215.63956560488444,213.33033716705737,911.2887322624345,1.0
1400000,1.0769230769230769,45.0,,4.7064900000000005,-74.10139,444.06855031847147,268.9582591723674,1.0,1.0,1.0,1.0,189.193701624135,219.07687870453654,271.48198996521455,1.0
3200000,2.4615384615384617,91.0,4.0,4.69989,-74.08586,703.2720096576692,365.37356174297355,1.0,1.0,1.0,1.0,432.72614828958666,321.77373177063146,413.31357127109817,1.0
3700000,2.8461538461538463,100.0,4.0,4.6578406999999995,-74.11131,534.4659703825671,88.6888702559538,1.0,1.0,1.0,1.0,209.5679398534597,158.63752243115607,446.33094834183623,1.0
2344000,1.803076923076923,80.0,,4.679625988006592,-74.0807876586914,332.3926492867007,464.6418305053036,1.0,1.0,1.0,1.0,108.41905343403388,348.33908707146935,237.2317498951619,1.0
1650000,1.2692307692307692,31.92,3.0,4.68915,-74.09173,450.6209809429239,164.32953708636626,1.0,1.0,1.0,1.0,210.59085695097326,86.31957498923093,1325.8820418257737,1.0
1300000,1.0,38.0,4.0,4.669430732727051,-74.12493133544922,721.9989941063252,162.76796485955106,1.0,1.0,1.0,1.0,183.8688925513071,292.2267890345487,218.20372279100803,1.0
2300000,1.7692307692307692,33.0,5.0,4.664818,-74.111496,441.02144503775304,154.63189334216128,1.0,1.0,1.0,1.0,473.0053346894936,545.4099563362804,63.07546460965889,1.0
2400000,1.8461538461538463,120.0,3.0,4.679844,-74.109566,992.0975273887705,223.30349752472557,1.0,1.0,1.0,1.0,99.99096789017756,151.8815806418503,711.5298884636532,1.0
2850000,2.1923076923076925,118.0,4.0,4.651028,-74.08615,874.3624409313745,229.26925112152148,1.0,1.0,1.0,1.0,181.94984211633343,236.19847990588954,1417.082325472462,1.0
6500000,5.0,127.0,,4.6540666,-74.10654,354.517280604874,188.25455193610745,1.0,1.0,1.0,1.0,205.24524040020572,311.3948455991369,231.30034468715291,1.0
3500000,2.6923076923076925,87.18,4.0,4.64091,-74.10185,556.2490648959832,210.84801794731808,1.0,1.0,1.0,1.0,283.2237396015959,257.35105373439944,584.5247191237312,1.0
1919500,1.4765384615384616,35.0,,4.6544787,-74.1179963,254.14499612582173,276.9925216332973,1.0,1.0,1.0,1.0,265.2559886869843,645.8515710298939,1106.7095136015373,1.0
1950000,1.5,90.0,3.0,4.6858900000000006,-74.09241,306.980172501531,94.27547054459461,1.0,1.0,1.0,1.0,183.88793325666626,259.36987968051716,1114.8293467208036,1.0
2240000,1.7230769230769232,50.0,3.0,4.658913,-74.1168272,551.659716968179,89.01551961155688,1.0,1.0,1.0,2.0,522.8417112643422,281.16142278890527,900.0451916901767,1.0
2951000,2.27,57.41,4.0,4.650467,-74.11262,432.8965872370012,365.4180170756762,1.0,1.0,1.0,1.0,297.6900442821325,221.331153022008,572.859765878844,1.0
3600000,2.769230769230769,130.0,3.0,4.6776,-74.09958,1133.349818657487,197.0782625021164,1.0,1.0,1.0,1.0,239.13101087270715,114.94552384357556,1274.6386543806227,1.0
1600000,1.2307692307692308,72.0,,4.7038092613220215,-74.10558319091797,133.98275852735944,321.09035855341995,1.0,1.0,1.0,1.0,273.06516157584093,251.02067010381117,447.42559877988566,1.0
6800000,5.230769230769231,80.0,4.0,4.64506,-74.10193,377.7495902118333,75.35855859097857,1.0,1.0,1.0,1.0,110.18483176589142,202.78293590059084,335.138786569458,1.0
1800000,1.3846153846153846,33.0,5.0,4.6633954,-74.112476,443.86915946119126,277.23187660069306,1.0,1.0,1.0,1.0,595.5957310962236,559.3802104032488,238.3028176946832,1.0
1900000,1.4615384615384615,95.0,3.0,4.68789,-74.09089,475.7279540534223,293.28420710393897,1.0,1.0,1.0,1.0,94.96675849778264,178.34996222030782,1162.6265582138599,1.0
2300000,1.7692307692307692,62.0,4.0,4.666111,-74.115603,412.1765159345008,319.32709765607245,1.0,1.0,1.0,1.0,338.07498511328527,305.3804163058143,363.8277038253257,1.0
2400000,1.8461538461538463,35.0,,4.65556,-74.11832,277.1956161023403,293.1679404932381,1.0,1.0,1.0,1.0,331.07797757158136,558.7751027539749,1154.9801567215343,1.0
2400000,1.8461538461538463,60.2,,4.68017,-74.10081,972.0060339961482,142.7573568339035,1.0,1.0,1.0,1.0,101.33404698431812,231.04214889135122,1394.8193883199046,1.0
1630000,1.2538461538461538,41.0,,4.64625,-74.11788,705.0311405018234,666.1376339950709,1.0,1.0,1.0,1.0,925.3199609766474,717.6042805474268,667.6327182714139,1.0
1200000,0.9230769230769231,65.0,,4.67604,-74.09547,831.1017472628099,683.4984685861411,1.0,1.0,1.0,1.0,130.09515563917353,56.779874396086946,810.5282475447459,1.0
1614000,1.2415384615384615,70.0,,4.6683,-74.12634,529.7217657469478,193.74466744687143,1.0,1.0,1.0,1.0,202.58719094602205,175.87454451405256,196.47543112411668,1.0
2700000,2.076923076923077,80.0,4.0,4.65334,-74.10903,562.1216845929737,24.7104491569949,2.0,1.0,1.0,1.0,102.36986930581189,83.73175982233853,466.0862215476791,1.0
2100000,1.6153846153846154,74.0,,4.6808700000000005,-74.08253,280.87471154541316,564.5759371301582,1.0,1.0,1.0,1.0,330.26090926159424,388.8498046515115,27.25791448931597,1.0
2300000,1.7692307692307692,43.0,3.0,4.65461,-74.11796,254.4686946625498,268.28262276768737,1.0,1.0,1.0,1.0,262.7221781577047,640.5539961962164,1118.8597398284717,1.0
2500000,1.9230769230769231,80.0,4.0,4.6621,-74.11992,691.7868359199579,298.8348972109849,1.0,1.0,1.0,1.0,279.55749020111455,212.57054717563238,1008.407320375772,1.0
2600000,2.0,94.0,4.0,4.67106,-74.12692,783.7356259438496,92.5132143612655,1.0,1.0,1.0,1.0,147.88444130094612,483.96868461504243,66.5012426855926,1.0
2000000,1.5384615384615385,63.0,4.0,4.671587,-74.1324923,774.7369434976819,263.73194575317234,1.0,1.0,1.0,1.0,666.3337699957882,486.36581004624884,562.8650496880198,1.0
3600000,2.769230769230769,68.0,4.0,4.66985,-74.10358,1046.4895482903544,85.78523192164275,1.0,1.0,1.0,1.0,196.3072540886791,175.78691047177017,928.6050856112918,1.0
2639000,2.03,64.0,4.0,4.65072,-74.11259,412.97137005809003,344.23210148544393,1.0,1.0,1.0,1.0,271.2963102594299,193.1736208561328,590.301123027624,1.0
2550000,1.9615384615384615,71.0,,4.69554,-74.08294,479.0764548322485,183.03676407865498,1.0,1.0,1.0,1.0,516.5726891936336,160.25253595976108,422.7986195772697,1.0
1500000,1.1538461538461537,55.0,3.0,4.65628,-74.06924,941.7503658457318,17.574294388594428,1.0,1.0,1.0,1.0,36.56613559605098,158.5296546815148,679.8497733473571,1.0
1350000,1.0384615384615385,42.0,3.0,4.6777372,-74.1338698,658.4768538311473,193.5804379711054,1.0,1.0,1.0,1.0,410.8168743771453,277.9591532104844,1116.6152308351207,1.0
9135000,7.026923076923077,150.0,5.0,4.660942405,-74.112537272,434.32705170636467,204.08945855358235,1.0,1.0,1.0,1.0,497.3836764299003,288.06283026814907,375.54196716518504,1.0
2100000,1.6153846153846154,27.0,,4.6655427,-74.1107938,458.92774994873184,111.69038569250432,1.0,1.0,1.0,2.0,429.2319208838395,452.6581102992228,7.792265144873356,1.0
3700000,2.8461538461538463,66.0,5.0,4.66346,-74.11248,446.9292085251,275.34022249671125,1.0,1.0,1.0,1.0,595.0160975705497,566.5045770139335,235.9092984325346,1.0
6650000,5.115384615384615,194.0,,4.7073,-74.08366,1209.8911269513515,234.68880940015805,1.0,1.0,1.0,1.0,910.6904594500971,660.2428385516995,557.6694542868116,1.0
2600000,2.0,57.0,4.0,4.64915,-74.07959,162.10500175711638,80.7876190083402,1.0,1.0,1.0,1.0,631.0040802307739,725.7208993003892,1642.894669997653,1.0
1889162,1.4532015384615384,30.0,4.0,4.668741,-74.084887,605.6257511165165,306.15210804132437,1.0,1.0,1.0,1.0,89.54426469393155,294.01546511480393,603.0604951186114,1.0
2270000,1.7461538461538462,78.53,,4.66159,-74.12879,295.1651968278977,242.77763749369058,1.0,1.0,1.0,1.0,240.6485851608852,319.54382996162855,446.8201597386299,1.0
1450000,1.1153846153846154,70.0,,4.6709552,-74.1191928,512.5149911905849,367.6161075390434,1.0,1.0,1.0,1.0,347.24931293139275,348.3404658177931,397.9864235528463,1.0
2000000,1.5384615384615385,69.0,,4.66593342,-74.132167536,407.1411914840689,131.97327669505813,1.0,1.0,1.0,1.0,265.58856782021434,405.007793286114,147.02103051966338,1.0
4900000,3.769230769230769,95.81,4.0,4.64862,-74.08059,287.4260250454236,198.7719879659231,1.0,1.0,1.0,1.0,622.9166301218656,726.5772814168607,1727.1613980731531,1.0
1400000,1.0769230769230769,110.0,3.0,4.7029,-74.10028,52.400596670706676,298.74772937817954,1.0,1.0,3.0,1.0,47.8945738158328,79.29000866112209,77.94658285034055,1.0
6500000,5.0,120.0,5.0,4.6422199,-74.1014689,546.5764575802773,61.809282071685125,1.0,1.0,1.0,1.0,146.8591682216544,116.52353923618354,460.90698007788205,1.0
800000,0.6153846153846154,45.0,2.0,4.69832706451416,-74.12355041503906,1553.9946332593333,64.68537558051138,1.0,1.0,1.0,1.0,140.06268604206255,54.80926854040502,1240.1732443238923,1.0
1300000,1.0,110.0,3.0,4.7029,-74.10028,52.400596670706676,298.74772937817954,1.0,1.0,3.0,1.0,47.8945738158328,79.29000866112209,77.94658285034055,1.0
1000000,0.7692307692307693,48.0,3.0,4.692416191101074,-74.10124206542969,608.894732577812,131.00107855905952,2.0,1.0,1.0,1.0,80.45562668615479,7.699270915443164,623.9996135369511,1.0
1900000,1.4615384615384615,41.0,,4.646133,-74.11761,672.5057724706367,650.2765293854084,1.0,1.0,1.0,1.0,930.1861044592282,698.6277811909039,640.1277848220499,1.0
2500000,1.9230769230769231,60.0,,4.6651726,-74.11372,427.5930769822445,169.55018922192357,1.0,1.0,1.0,1.0,411.53890905804985,397.93268995962507,247.51368682012247,1.0
7000000,5.384615384615385,116.0,,4.651817,-74.10967,473.73299751236243,119.41770120276048,1.0,1.0,1.0,1.0,168.7400237796498,245.67426301730808,419.472591440145,1.0
2300000,1.7692307692307692,67.0,,4.699134,-74.08571,623.7389080246842,285.5704955653792,1.0,1.0,1.0,1.0,456.596870099938,237.1599904007363,391.6297680906187,1.0
2200000,1.6923076923076923,48.15,4.0,4.65663,-74.11197,471.70763542018864,103.00330397420345,1.0,1.0,1.0,1.0,71.50974819490122,85.43150985407098,581.8123387442488,1.0
1100000,0.8461538461538461,18.0,3.0,4.7022124,-74.1038889,326.9269340048334,64.67189246537228,1.0,1.0,1.0,1.0,231.42965470041818,30.697983736099612,199.46159483746214,1.0
1737900,1.3368461538461538,63.0,4.0,4.665586471557617,-74.13282012939453,459.0708421050108,191.1665901141364,1.0,1.0,1.0,1.0,313.8841619564982,389.50264090594413,167.86134311144633,1.0
1686000,1.2969230769230768,29.0,,4.68029,-74.11669,546.088667558321,192.34250012513067,1.0,1.0,1.0,1.0,335.88107916262385,291.1462693323833,118.46746901700992,1.0
7200000,5.538461538461538,125.0,4.0,4.6541643142700195,-74.09976959228516,415.45162980357816,446.64681567323845,1.0,1.0,1.0,1.0,217.43656626463957,776.0697183392019,273.0958096994282,1.0
1600000,1.2307692307692308,72.0,,4.7038092613220215,-74.10558319091797,133.98275852735944,321.09035855341995,1.0,1.0,1.0,1.0,273.06516157584093,251.02067010381117,447.42559877988566,1.0
3930000,3.023076923076923,100.0,4.0,4.6599907,-74.1103121,276.15701042478884,80.51627408051968,1.0,1.0,1.0,1.0,466.35829197061196,317.23021500679454,227.3309220626781,1.0
1600000,1.2307692307692308,46.0,3.0,4.6745063,-74.1202004,343.1968645364718,371.3648926531367,1.0,1.0,1.0,1.0,225.37752648413908,89.83464749467754,267.68270851015967,1.0
3350000,2.576923076923077,97.0,4.0,4.65821,-74.12129,260.65481237377895,263.32434335474215,1.0,1.0,1.0,1.0,638.6446388910849,388.0422527051176,1100.1125484034017,1.0
4250000,3.269230769230769,93.0,5.0,4.66081,-74.11297,484.4857192845811,189.31601485789662,1.0,1.0,1.0,1.0,484.5729659497246,275.43987803585264,424.1267332767885,1.0
3400000,2.6153846153846154,60.0,3.0,4.65615,-74.07846,145.46204829308672,184.28617961086604,1.0,1.0,1.0,1.0,242.4538448838713,261.345454454056,1683.7549137524406,1.0
2200000,1.6923076923076923,58.0,,4.68788,-74.07441,107.4419469456396,116.79183887065744,1.0,1.0,1.0,1.0,231.9082692766666,145.9154239667419,47.88522199799102,1.0
2100000,1.6153846153846154,77.0,4.0,4.6901,-74.06901,236.34932030993855,384.87730234769634,1.0,1.0,1.0,1.0,263.9836854014891,178.90125768466177,78.09066329764315,1.0
3000000,2.3076923076923075,55.0,4.0,4.6521,-74.08038,330.05025920820185,76.44613354459341,1.0,1.0,1.0,1.0,476.09345421917465,687.1721196052774,1864.1726254263572,1.0
1500000,1.1538461538461537,73.0,,4.67461,-74.07401,353.9976808801039,322.88589018033196,1.0,1.0,1.0,1.0,142.17300190411004,600.6094269265448,595.8988680991939,1.0
3200000,2.4615384615384617,60.0,,4.664394,-74.1136419,512.4385215579139,220.18085279031015,1.0,1.0,1.0,1.0,475.73886632833546,483.78983870367244,290.2877223850479,1.0
2000000,1.5384615384615385,90.0,4.0,4.688760280609131,-74.06887817382812,226.78247220475424,358.5830791586531,1.0,1.0,1.0,1.0,201.98774178908397,209.3372411576943,99.10924029826694,1.0
6100000,4.6923076923076925,83.0,4.0,4.6513100000000005,-74.11098,509.0874858215412,178.70336569680305,1.0,1.0,1.0,1.0,178.5770553714278,194.6552224950806,501.27358165897573,1.0
3500000,2.6923076923076925,115.0,,4.652010917663574,-74.08413696289062,682.7024105813,20.89856828276324,1.0,1.0,1.0,1.0,416.9008635756897,459.60380284127154,1664.4409159937964,1.0
1050000,0.8076923076923077,32.0,,4.693801,-74.109268,491.84784632922396,123.06592733033602,1.0,1.0,1.0,1.0,90.31998289902923,89.41219343185489,210.1892332521159,1.0
2600000,2.0,55.0,4.0,4.659068239,-74.1117525101,459.86531063383626,107.29341353261388,1.0,1.0,1.0,1.0,304.5384050005303,128.10896354382442,415.16911029646815,1.0
2860000,2.2,88.0,,4.64444,-74.086,814.3981233947231,157.7970488942612,1.0,1.0,1.0,1.0,532.3925656755148,166.55353498136338,1036.7811992475,1.0
1500000,1.1538461538461537,40.0,4.0,4.66874,-74.08489,605.3745267618808,306.49650647771404,1.0,1.0,1.0,1.0,89.58014264695747,294.3368688345163,602.9180163175597,1.0
1200000,0.9230769230769231,42.0,3.0,4.6777372,-74.1338698,658.4768538311473,193.5804379711054,1.0,1.0,1.0,1.0,410.8168743771453,277.9591532104844,1116.6152308351207,1.0
950000,0.7307692307692307,28.0,3.0,4.6917,-74.08886,310.4072399832982,185.85173989105894,1.0,1.0,1.0,1.0,216.23568594101553,246.28526184977198,1119.2241385354932,1.0
1950000,1.5,85.0,4.0,4.67947,-74.07606,292.89355792961817,87.02194713292242,1.0,1.0,1.0,1.0,148.83674287311598,672.1331546600454,609.0477575216257,1.0
4000000,3.076923076923077,75.0,4.0,4.651418209075928,-74.109130859375,408.4870164660259,105.91408394556086,1.0,1.0,1.0,1.0,174.98674661390444,288.6434520117586,345.1670595043848,1.0
2200000,1.6923076923076923,51.0,4.0,4.67451,-74.06554,172.4994481409676,120.574289043863,1.0,1.0,1.0,1.0,296.30555796905253,112.7707273664261,221.41940964641194,1.0
1400000,1.0769230769230769,80.0,3.0,4.6758806,-74.0918379,555.6877519928818,568.9456331048018,1.0,1.0,1.0,1.0,124.61248021741491,320.75551446494336,468.2931566936842,1.0
3400000,2.6153846153846154,82.0,4.0,4.6884102,-74.0752036,139.20169678222072,75.49811188889805,1.0,1.0,1.0,1.0,188.70580964339715,150.77283183145562,131.33511336162798,1.0
2931000,2.2546153846153847,130.0,,4.6729400000000005,-74.06319,328.0629713259396,124.05469149359133,1.0,1.0,1.0,1.0,122.59493985371815,160.58544579221152,499.5728523338106,1.0
4400000,3.3846153846153846,115.0,,4.68964,-74.07104,452.0688165394582,416.54282184866855,1.0,1.0,1.0,1.0,67.34524705489105,33.188711688708864,39.08279262251002,1.0
7000000,5.384615384615385,89.0,4.0,4.6440582275390625,-74.10161590576172,425.5512359509533,159.4597652028355,2.0,1.0,1.0,1.0,7.300536993864398,92.23612479519409,372.30448695799765,1.0
1900000,1.4615384615384615,65.42,,4.656343936920166,-74.11711883544922,309.87166038841264,184.42309119192092,1.0,1.0,1.0,1.0,280.91801078460867,502.9444075986093,1077.3277433233566,1.0
2800000,2.1538461538461537,40.0,,4.67418,-74.09062,349.3491201878236,377.2229026931151,1.0,1.0,1.0,1.0,166.15376715444117,244.16133022258913,277.61802809733763,1.0
3718000,2.86,70.58,4.0,4.645005702972412,-74.10142517089844,336.60380069714824,82.17867896982233,1.0,1.0,1.0,1.0,103.81385223210088,199.09171319456354,289.55466322466793,1.0
2846000,2.189230769230769,57.0,4.0,4.650740604,-74.112606764,410.0301614493032,344.1818011431248,1.0,1.0,1.0,1.0,270.1848333839433,191.22339110329878,593.2170862140928,1.0
3400000,2.6153846153846154,90.4,,4.6571574,-74.108505,313.28960671311637,237.7689359212876,1.0,1.0,1.0,1.0,260.1406710224187,178.36388133620062,242.55580230336452,1.0
3700000,2.8461538461538463,77.0,,4.6760616,-74.125984,795.1694003112128,80.92134203862393,1.0,1.0,1.0,1.0,441.21335261513764,573.6963695951599,320.54896876897703,1.0
2750000,2.1153846153846154,59.0,,4.661911,-74.12499,505.52474533697045,60.385563648469706,1.0,1.0,1.0,1.0,347.3920210330529,406.2793205070968,747.9082132815191,1.0
3500000,2.6923076923076925,75.0,,4.6738386,-74.116394,165.8311544870062,45.617962983171736,1.0,1.0,1.0,2.0,472.02278465086033,483.4263593747396,39.62560347269231,1.0
1600000,1.2307692307692308,28.0,3.0,4.65458,-74.11803,260.8483989899711,276.70166358378765,1.0,1.0,1.0,1.0,270.02829983937977,648.5604967963599,1110.7172020881228,1.0
5000000,3.8461538461538463,98.0,,4.65372,-74.12332,370.0801745396016,108.09284569500764,1.0,1.0,1.0,1.0,857.650964339923,730.7226170675808,598.4713559647897,1.0
1950000,1.5,67.86,,4.67445,-74.10869,787.3371196511878,32.994887127877305,2.0,1.0,1.0,1.0,103.96537834865941,162.16739848798744,713.7435193249072,1.0
3530000,2.7153846153846155,62.0,5.0,4.6514500000000005,-74.08413,663.5261168172451,41.974519548167784,1.0,1.0,1.0,1.0,382.33585696698935,419.54815518245255,1630.926134591191,1.0
2500000,1.9230769230769231,40.0,3.0,4.7003236,-74.1135167,885.9181616231616,156.690563692433,1.0,1.0,1.0,1.0,231.21354897395983,274.1570493867742,978.7718823593584,1.0
2324078,1.7877523076923076,30.0,5.0,4.663535118103027,-74.11225128173828,426.91288299242825,267.42191161045605,1.0,1.0,1.0,1.0,597.7689362504278,576.1999043832824,209.28623254784102,1.0
3100000,2.3846153846153846,87.0,4.0,4.6513100000000005,-74.11091,508.8271896138502,175.21751258161657,1.0,1.0,1.0,1.0,177.56171953461683,200.6515716480515,495.9771175692118,1.0
1600000,1.2307692307692308,24.0,3.0,4.65467,-74.11803,263.96279806102024,273.6818530713493,1.0,1.0,1.0,1.0,271.3399087990257,647.8227304832083,1116.9511415768045,1.0
1800000,1.3846153846153846,81.0,4.0,4.67468,-74.06362,139.22707127171032,109.63466196323067,1.0,1.0,1.0,2.0,91.62252642643153,83.51641852921237,365.0990291670212,1.0
2600000,2.0,60.43,,4.70676,-74.08296,1300.356445389756,166.76645549303473,1.0,1.0,1.0,1.0,955.7890353201651,722.443276829647,550.3986555620633,1.0
3500000,2.6923076923076925,65.0,4.0,4.673227787017822,-74.08721923828125,318.58043495151657,24.98360473887855,1.0,1.0,1.0,1.0,103.55716518972368,153.50828629024372,155.98333209714085,1.0
2800000,2.1538461538461537,78.0,4.0,4.65667,-74.11377,364.4407441648057,98.69534767496391,1.0,1.0,1.0,2.0,133.546150899414,195.14662461440747,743.8715798893679,1.0
2600000,2.0,44.0,3.0,4.6547,-74.1181,272.3898588969248,280.22245363603224,1.0,1.0,1.0,1.0,279.52409470037776,655.3629716679925,1113.0256957099539,1.0
1200000,0.9230769230769231,45.0,,4.68556,-74.11231,1102.0320208991573,257.1952627414364,1.0,1.0,1.0,1.0,361.553339625045,224.12655640857338,91.15750146662567,1.0
4490500,3.454230769230769,88.0,5.0,4.66346,-74.11248,446.9292085251,275.34022249671125,1.0,1.0,1.0,1.0,595.0160975705497,566.5045770139335,235.9092984325346,1.0
1700000,1.3076923076923077,42.0,,4.66023,-74.12186,492.56396951977496,408.1774253430825,1.0,1.0,1.0,1.0,407.1304616379708,350.0736886855827,1139.470818786264,1.0
3500000,2.6923076923076925,64.0,4.0,4.65026,-74.1128,440.22798370769704,395.6700229164051,1.0,1.0,1.0,1.0,327.15135193680004,247.5000911545708,571.4529011107425,1.0
2000000,1.5384615384615385,33.45,5.0,4.663535118103027,-74.11225128173828,426.91288299242825,267.42191161045605,1.0,1.0,1.0,1.0,597.7689362504278,576.1999043832824,209.28623254784102,1.0
1500000,1.1538461538461537,90.0,3.0,4.7002573,-74.1099046,685.9272144037247,197.889001191264,1.0,1.0,1.0,1.0,41.79525795185832,96.73476284619369,625.8118852081346,1.0
1600000,1.2307692307692308,30.0,4.0,4.6687415,-74.0848872,605.5816644167031,306.1444066029946,1.0,1.0,1.0,1.0,89.48546224958034,293.99497043865443,603.004688017015,1.0
2700000,2.076923076923077,63.0,4.0,4.666111,-74.115603,412.1765159345008,319.32709765607245,1.0,1.0,1.0,1.0,338.07498511328527,305.3804163058143,363.8277038253257,1.0
3237000,2.49,70.43,4.0,4.65702,-74.11035,518.2142708276438,200.1729319040359,1.0,1.0,1.0,1.0,256.2794446016964,209.16065153593178,403.75407937913843,1.0
2000000,1.5384615384615385,75.0,,4.6659064292907715,-74.065673828125,489.0668569658829,42.123857526631156,2.0,1.0,1.0,2.0,32.26777223217763,172.17976642713327,455.60701090253906,1.0
1150000,0.8846153846153846,75.0,,4.67852,-74.09149,582.7175352412805,413.232207134135,1.0,2.0,1.0,1.0,338.1815663557126,275.7030303594428,569.491911535863,1.0
800000,0.6153846153846154,34.0,3.0,4.6771769523620605,-74.07778930664062,509.7711881131665,356.8145936391821,1.0,1.0,1.0,1.0,126.93738330201667,396.27168442223433,666.0059272704448,1.0
4100000,3.1538461538461537,44.0,5.0,4.66406,-74.11286,513.0374555371723,214.94612038475688,1.0,1.0,1.0,1.0,537.986703502409,543.7574327182133,235.98537295972227,1.0
1600000,1.2307692307692308,72.0,,4.7038092613220215,-74.10558319091797,133.98275852735944,321.09035855341995,1.0,1.0,1.0,1.0,273.06516157584093,251.02067010381117,447.42559877988566,1.0
2600000,2.0,63.0,4.0,4.6876,-74.06985,382.02386304306015,337.3704967477393,1.0,1.0,1.0,1.0,67.01083359350623,293.18214898217406,205.86304092385532,1.0
5500000,4.230769230769231,88.0,4.0,4.6499616779,-74.1104006767,367.9488140526101,281.6791832175953,1.0,1.0,1.0,1.0,327.70767974471016,347.59875396069424,353.0923079791672,1.0
1850000,1.4230769230769231,26.0,,4.6516,-74.08389,642.4086832339907,40.611438326085654,1.0,1.0,1.0,1.0,413.70314246472446,450.7687823361634,1662.2973556243478,1.0
1050000,0.8076923076923077,25.0,3.0,4.700817,-74.1003679,158.08366405120924,293.712750003054,1.0,1.0,1.0,1.0,102.78000130549998,106.06114799485631,206.9122551213415,1.0
3400000,2.6153846153846154,70.0,4.0,4.673477649688721,-74.08700561523438,288.695111675824,33.11899655620622,1.0,1.0,1.0,1.0,97.00302600742357,186.08640350770938,158.0309349633605,1.0
800000,0.6153846153846154,34.0,3.0,4.6771769523620605,-74.07778930664062,509.7711881131665,356.8145936391821,1.0,1.0,1.0,1.0,126.93738330201667,396.27168442223433,666.0059272704448,1.0
2300000,1.7692307692307692,51.0,,4.646282,-74.11789,707.6721262713423,664.8866107708416,1.0,1.0,1.0,1.0,922.2186809781437,721.3031296782265,671.1716864069773,1.0
2300000,1.7692307692307692,100.0,3.0,4.672826766967773,-74.08019256591797,820.0891761754788,169.46737437527133,1.0,1.0,1.0,1.0,79.46068129679261,141.92952052844586,810.3484059341941,1.0
1000000,0.7692307692307693,70.0,,4.688173770904541,-74.10144805908203,728.4453078351333,52.134784853401875,2.0,1.0,1.0,2.0,74.41781240267386,79.24117464802409,836.0813989395036,1.0
2700000,2.076923076923077,78.0,4.0,4.644791126251221,-74.0864486694336,860.3053061375804,94.68469620765069,1.0,1.0,1.0,1.0,476.8908702706454,190.32823274395886,1015.1623840221929,1.0
3200000,2.4615384615384617,33.0,4.0,4.6677021980285645,-74.10574340820312,719.738947050921,102.87827977955503,1.0,1.0,1.0,1.0,114.48292878872383,188.59393737735758,595.1446053134789,1.0
1350000,1.0384615384615385,29.0,,4.700995467,-74.100345676,138.87089302183398,297.8636859799246,1.0,1.0,1.0,1.0,103.77001676234666,121.05412990234605,197.2839098211505,1.0
1900000,1.4615384615384615,45.0,5.0,4.7011642,-74.07997,1128.700393013062,110.69003674491019,1.0,1.0,1.0,1.0,664.4294540467268,175.20618084609183,51.72274717714401,1.0
2900000,2.230769230769231,80.0,,4.673423,-74.08521,344.8883651863858,61.354401459620995,1.0,1.0,1.0,1.0,138.11101163580724,191.70317764856932,298.76074907181476,1.0
1600000,1.2307692307692308,27.0,3.0,4.654558,-74.117455,199.86921142302867,218.21440212174082,1.0,1.0,1.0,1.0,206.42294523966217,585.2238495758239,1158.1948816688575,1.0
2200000,1.6923076923076923,47.0,4.0,4.641407,-74.10233,617.9295901609445,191.78237196849676,1.0,1.0,1.0,1.0,232.78270816119965,212.140450580076,590.6636528629633,1.0
3000000,2.3076923076923075,81.61,,4.6585379,-74.1195392,322.65153654300155,135.0035917177972,1.0,1.0,1.0,1.0,583.269089100206,244.87872468709259,1185.1996827819949,1.0
4350000,3.3461538461538463,68.0,,4.64604413,-74.11749315,656.4443052309304,638.8293765639357,1.0,1.0,1.0,1.0,932.716319952763,686.5701087113188,624.8186476578228,1.0
1600000,1.2307692307692308,30.0,,4.6658928,-74.1091703,440.16895921004476,216.105320921485,1.0,1.0,1.0,1.0,315.3075525437105,427.42354203952823,179.3549645206566,1.0
1400000,1.0769230769230769,38.0,,4.67061,-74.10845,563.3856516282387,131.35297717190113,1.0,1.0,1.0,1.0,153.10379273815704,195.84890640048633,518.0117168319215,1.0
1350000,1.0384615384615385,48.0,3.0,4.6957011222839355,-74.11530303955078,1097.8558798051793,65.17245276742635,1.0,1.0,1.0,1.0,164.22298129455385,154.59528440659585,907.6069547974881,1.0
1686000,1.2969230769230768,65.0,4.0,4.69737,-74.08406,515.9749873126499,44.89014159917766,1.0,1.0,1.0,2.0,622.7370852165059,85.7583009735863,297.15086938222237,1.0
9460000,7.276923076923077,150.0,4.0,4.68964,-74.07538,276.56881541602445,110.73630616548556,1.0,1.0,1.0,1.0,102.00899557183381,101.94910798773559,222.8964545670632,1.0
2700000,2.076923076923077,74.0,4.0,4.68237,-74.09894,652.3159302434602,52.46933731242834,1.0,1.0,1.0,4.0,181.737950649662,195.36942036958337,1385.9458689593353,1.0
2600000,2.0,97.0,4.0,4.689135472,-74.067407264,62.57680754362718,355.0693222032874,1.0,1.0,1.0,1.0,285.30679955337854,89.32239052317107,37.914331934476856,1.0
3000000,2.3076923076923075,60.0,,4.664182662963867,-74.11457061767578,553.2569928391938,215.20462696029045,1.0,1.0,1.0,1.0,370.1071944750204,391.2230396865356,388.8704650334137,1.0
3000000,2.3076923076923075,72.0,4.0,4.6595208,-74.1092776,273.2856858348846,149.66452109829353,1.0,1.0,1.0,1.0,500.57186459151296,264.9149751493278,154.34372530028827,1.0
4000000,3.076923076923077,118.0,4.0,4.6665143,-74.1249283,506.5173536116403,73.33095892794283,1.0,1.0,1.0,1.0,57.11746617411115,87.18830470132436,444.9402881118003,1.0
1500000,1.1538461538461537,60.0,3.0,4.69251,-74.08782,165.29955507250955,115.43960555880261,1.0,1.0,1.0,1.0,118.51188252479399,188.76336271305533,976.0893802802015,1.0
1400000,1.0769230769230769,40.0,3.0,4.691817,-74.0876721,219.64314284415474,189.04739934408457,1.0,1.0,1.0,1.0,196.57369359082895,126.64915246880096,1026.2718315477532,1.0
10000000,7.6923076923076925,120.0,,4.6810188,-74.0660001,149.98152616864593,176.90415109362343,1.0,1.0,1.0,1.0,133.96448728999889,121.04854200651704,166.6003577111333,1.0
1400000,1.0769230769230769,50.0,,4.68671,-74.10039,594.5371709577512,237.2159748099421,1.0,1.0,1.0,1.0,176.9113799826476,147.42190610816894,1011.5467496295307,1.0
800000,0.6153846153846154,34.0,3.0,4.6771769523620605,-74.07778930664062,509.7711881131665,356.8145936391821,1.0,1.0,1.0,1.0,126.93738330201667,396.27168442223433,666.0059272704448,1.0
1700000,1.3076923076923077,70.0,,4.7038092613220215,-74.10558319091797,133.98275852735944,321.09035855341995,1.0,1.0,1.0,1.0,273.06516157584093,251.02067010381117,447.42559877988566,1.0
4150000,3.1923076923076925,88.0,4.0,4.6512997,-74.1100068,443.95769114390464,161.13816576827656,1.0,1.0,1.0,1.0,195.1594088218699,286.2773495624503,422.3116082547884,1.0
4500000,3.4615384615384617,70.0,,4.6798707,-74.10363,1222.013774485093,276.21488924722934,1.0,1.0,1.0,1.0,18.7388645574652,155.4722868767192,1187.6540856915356,1.0
3300000,2.5384615384615383,67.0,4.0,4.6502556800842285,-74.11280059814453,440.5925702666121,396.0490412519194,1.0,1.0,1.0,1.0,327.605328595669,247.98089269708078,571.1810529689491,1.0
3600000,2.769230769230769,102.0,4.0,4.65129,-74.10999,442.01212182196326,162.49227470601787,1.0,1.0,1.0,1.0,196.9116765734965,288.4236789397034,420.1656921278043,1.0
4100000,3.1538461538461537,197.0,5.0,4.64594,-74.08178,346.97922587640926,215.66597445121766,1.0,1.0,1.0,1.0,505.1812005613137,596.0422314900567,1490.9686361418449,1.0
2431000,1.87,50.0,,4.65223,-74.08025,331.31514405761317,84.71426329342094,1.0,1.0,1.0,1.0,456.6507474567334,666.8217403048668,1858.9503580782743,1.0
5000000,3.8461538461538463,133.0,,4.651319,-74.081441,376.47085221297954,132.10619609273846,1.0,1.0,1.0,1.0,620.9280194627012,675.0527178728523,1874.0094126132592,1.0
1550000,1.1923076923076923,54.0,,4.69724,-74.0985,376.179984403614,615.3214775359191,1.0,1.0,1.0,1.0,105.87236373538067,253.68502457078353,608.4046991452858,1.0
2300000,1.7692307692307692,90.0,4.0,4.688760280609131,-74.06887817382812,226.78247220475424,358.5830791586531,1.0,1.0,1.0,1.0,201.98774178908397,209.3372411576943,99.10924029826694,1.0
2700000,2.076923076923077,47.0,3.0,4.6547688,-74.0790084,307.25635747577076,136.96506752999878,1.0,1.0,1.0,1.0,277.7661754246985,378.37057792855194,1734.9937848366303,1.0
1800000,1.3846153846153846,40.0,4.0,4.6637355,-74.1196602,874.9040996848036,156.4237447893327,1.0,1.0,1.0,1.0,202.977058597327,175.78510764831594,882.7494071043113,1.0
2000000,1.5384615384615385,70.0,,4.69635,-74.09539,283.7916683007299,381.1539494078878,1.0,1.0,1.0,1.0,169.7666992259824,440.08494868922924,947.6081098680455,1.0
2400000,1.8461538461538463,90.0,4.0,4.688760280609131,-74.06887817382812,226.78247220475424,358.5830791586531,1.0,1.0,1.0,1.0,201.98774178908397,209.3372411576943,99.10924029826694,1.0
3300000,2.5384615384615383,85.0,,4.6750605,-74.0811316,629.4841467539803,113.59235667907802,1.0,1.0,1.0,1.0,121.91169089479993,118.62691841585949,592.0348436013448,1.0
2600000,2.0,55.0,3.0,4.6902317,-74.0747451,341.5003216735713,148.43972917430855,1.0,1.0,1.0,1.0,37.66514080425853,75.58238292860257,235.5703236518491,1.0
1900000,1.4615384615384615,32.0,3.0,4.6569,-74.07836,82.91899940123052,233.75770433651206,1.0,1.0,1.0,1.0,274.64639463412,246.05977682319752,1683.7630620535085,1.0
2200000,1.6923076923076923,69.0,4.0,4.6658100000000005,-74.13224,408.39101393301877,146.64597235795136,1.0,1.0,1.0,1.0,265.41825879769806,397.7768473614809,139.29057168367675,1.0
2000000,1.5384615384615385,79.0,4.0,4.6680463,-74.124925,608.4090783831192,59.54988422784424,1.0,2.0,1.0,1.0,154.3539929850034,150.3847110353448,312.2808206124726,1.0
2200000,1.6923076923076923,23.0,4.0,4.692501741,-74.068287702,155.03429377227582,133.52141920464126,1.0,1.0,1.0,1.0,187.6630664791095,299.3917078028122,154.6863982600288,1.0
3820000,2.9384615384615387,84.0,,4.649106979370117,-74.11603546142578,510.80117750428724,694.8947635571502,1.0,1.0,1.0,1.0,576.4351159514467,553.3901967193572,735.452892119634,1.0
1000000,0.7692307692307693,70.0,,4.687901973724365,-74.10108947753906,683.5133633524259,97.94667771523427,1.0,1.0,1.0,2.0,123.46403213918849,74.98929921401032,884.379124218544,1.0
5000000,3.8461538461538463,89.0,,4.64283,-74.10215,568.7428942503801,110.32515474632666,1.0,1.0,1.0,1.0,75.4796590626558,63.036501427115574,496.18586213669613,1.0
3500000,2.6923076923076925,98.0,4.0,4.6504492,-74.1084795,282.94744836761885,91.3327451625341,1.0,1.0,1.0,1.0,256.9968169174172,274.741799659863,228.95856571085034,1.0
2350000,1.8076923076923077,55.0,,4.664154,-74.077515,398.5004207002966,175.86205355413617,1.0,1.0,1.0,1.0,277.0043136168329,262.48899573325264,1393.1891490327594,1.0
1600000,1.2307692307692308,28.0,3.0,4.654558,-74.117455,199.86921142302867,218.21440212174082,1.0,1.0,1.0,1.0,206.42294523966217,585.2238495758239,1158.1948816688575,1.0
3980000,3.0615384615384613,88.0,5.0,4.6732700000000005,-74.11482,331.36328828949195,230.0086973538053,1.0,1.0,1.0,1.0,369.387696701184,467.0084093899563,78.17620609702914,1.0
1800000,1.3846153846153846,45.0,,4.6661754,-74.11736,551.5577165918991,176.5447663581055,1.0,2.0,1.0,1.0,165.30613307686244,211.45430948834695,514.8876229975084,1.0
800000,0.6153846153846154,42.0,4.0,4.6990647315979,-74.07185363769531,225.09062988334952,215.4673072458366,1.0,1.0,1.0,1.0,17.650988562519174,388.02177667563757,62.167020912984505,1.0
1650000,1.2692307692307692,27.0,,4.6544787,-74.1179963,254.14499612582173,276.9925216332973,1.0,1.0,1.0,1.0,265.2559886869843,645.8515710298939,1106.7095136015373,1.0
1400000,1.0769230769230769,50.0,,4.68096,-74.09221,715.3977352738422,309.027519598574,1.0,1.0,1.0,1.0,174.47122141842647,198.61832084840677,777.3357733889512,1.0
1700000,1.3076923076923077,70.0,,4.7038092613220215,-74.10558319091797,133.98275852735944,321.09035855341995,1.0,1.0,1.0,1.0,273.06516157584093,251.02067010381117,447.42559877988566,1.0
2000000,1.5384615384615385,28.0,5.0,4.663481,-74.112341,433.59672793984146,272.96650914245765,1.0,1.0,1.0,1.0,603.0000755972419,569.5467352752119,220.78838291797146,1.0
850000,0.6538461538461539,20.0,,4.6776648874,-74.0990091198,1100.0257370679178,252.23323217957667,1.0,1.0,1.0,1.0,233.57887383769327,170.84970769070497,1227.4586772170614,1.0
1800000,1.3846153846153846,57.0,3.0,4.662779808044434,-74.12858581542969,167.03050298466778,110.51985369580517,1.0,1.0,1.0,1.0,168.62535720641145,186.06522096788768,383.99963113050836,1.0
2000000,1.5384615384615385,70.0,,4.7038092613220215,-74.10558319091797,133.98275852735944,321.09035855341995,1.0,1.0,1.0,1.0,273.06516157584093,251.02067010381117,447.42559877988566,1.0
1600000,1.2307692307692308,28.0,3.0,4.65462,-74.118,259.02908667571904,272.1513716965931,1.0,1.0,1.0,1.0,267.26669582490973,644.8946134962571,1116.0786520669942,1.0
1600000,1.2307692307692308,28.0,3.0,4.65462,-74.118,259.02908667571904,272.1513716965931,1.0,1.0,1.0,1.0,267.26669582490973,644.8946134962571,1116.0786520669942,1.0
1500000,1.1538461538461537,24.0,3.0,4.655,-74.11828,296.42311148007207,292.94472498794477,1.0,1.0,1.0,1.0,305.9028275972571,620.8572933150081,1119.2835532532142,1.0
11000000,8.461538461538462,180.0,,4.70524,-74.11742,968.2020167728406,79.44703722723644,1.0,1.0,1.0,1.0,41.79987647798846,104.5428914315465,1616.934898064636,1.0
4850000,3.730769230769231,79.0,4.0,4.6503997,-74.1114476,491.2732269852748,291.94691383369246,1.0,1.0,1.0,1.0,274.33664465182386,246.1101985467561,475.77776118734954,1.0
2210000,1.7,65.0,4.0,4.6612544,-74.1300519,355.7490298702605,339.07394655159027,1.0,1.0,1.0,1.0,199.04439416182478,211.07697731975748,361.8102498726744,1.0
1100000,0.8461538461538461,27.0,,4.696847438812256,-74.09463500976562,249.6685790144556,296.4723684259473,1.0,1.0,1.0,1.0,269.33104855846784,360.71596993044363,979.3520610391724,1.0
4250000,3.269230769230769,100.0,4.0,4.6578406999999995,-74.11131,534.4659703825671,88.6888702559538,1.0,1.0,1.0,1.0,209.5679398534597,158.63752243115607,446.33094834183623,1.0
1700000,1.3076923076923077,30.0,4.0,4.6866334,-74.06589,166.02472159122,135.4240418558964,1.0,1.0,1.0,1.0,83.24538606492351,63.71342539542681,166.08379740420622,1.0
1900000,1.4615384615384615,65.0,4.0,4.67104,-74.13121,792.646684249184,321.1401139535066,1.0,1.0,1.0,1.0,583.9004401226975,617.6666894485917,419.3655654359353,1.0
3000000,2.3076923076923075,60.0,4.0,4.663705825805664,-74.11463928222656,606.1843436934915,165.29423410498853,1.0,1.0,1.0,1.0,355.9166283655478,381.7735779685596,423.7889450752382,1.0
800000,0.6153846153846154,30.0,3.0,4.6771769523620605,-74.07778930664062,509.7711881131665,356.8145936391821,1.0,1.0,1.0,1.0,126.93738330201667,396.27168442223433,666.0059272704448,1.0
1500000,1.1538461538461537,55.0,,4.656578540802002,-74.11203002929688,462.97829801465986,94.76145350854183,2.0,1.0,1.0,1.0,63.59738404561852,81.24543883009181,590.3123245898197,1.0
1600000,1.2307692307692308,35.0,4.0,4.673477649688721,-74.08700561523438,288.695111675824,33.11899655620622,1.0,1.0,1.0,1.0,97.00302600742357,186.08640350770938,158.0309349633605,1.0
800000,0.6153846153846154,34.0,3.0,4.6771769523620605,-74.07778930664062,509.7711881131665,356.8145936391821,1.0,1.0,1.0,1.0,126.93738330201667,396.27168442223433,666.0059272704448,1.0
1250000,0.9615384615384616,39.0,3.0,4.675147533416748,-74.07816314697266,623.2352573053524,347.93354817057957,1.0,1.0,1.0,1.0,172.12606372444876,212.02079492900086,803.904120362764,1.0
800000,0.6153846153846154,34.0,3.0,4.6771769523620605,-74.07778930664062,509.7711881131665,356.8145936391821,1.0,1.0,1.0,1.0,126.93738330201667,396.27168442223433,666.0059272704448,1.0
1600000,1.2307692307692308,28.0,4.0,4.6741653,-74.0873121,218.56865700910248,80.42357563141951,1.0,1.0,1.0,1.0,175.98625171569688,243.88946986727095,77.11681011915618,1.0
1400000,1.0769230769230769,50.0,,4.68096,-74.09221,715.3977352738422,309.027519598574,1.0,1.0,1.0,1.0,174.47122141842647,198.61832084840677,777.3357733889512,1.0
4700000,3.6153846153846154,78.0,4.0,4.67727,-74.10736,1113.9074192950975,355.1632693946877,1.0,1.0,1.0,1.0,284.11065831037416,309.34325311241776,1006.7934184148423,1.0
4900000,3.769230769230769,200.0,5.0,4.64819,-74.08384,638.792785077277,206.27829267710786,1.0,1.0,1.0,1.0,396.44138019020886,378.2527803736794,1462.3935498647825,1.0
1700000,1.3076923076923077,70.0,,4.7038092613220215,-74.10558319091797,133.98275852735944,321.09035855341995,1.0,1.0,1.0,1.0,273.06516157584093,251.02067010381117,447.42559877988566,1.0
2400000,1.8461538461538463,50.0,4.0,4.6653466,-74.1268366,258.7708407037775,69.55120331039183,1.0,1.0,1.0,1.0,221.52801173414662,194.90924919514623,356.5753572759608,1.0
12000000,9.23076923076923,210.0,,4.6609601974487305,-74.11407470703125,600.5683413807022,96.07310311641022,1.0,1.0,1.0,1.0,505.4780646312874,330.0504224353481,526.7476951931549,1.0
1486000,1.143076923076923,29.0,,4.6824269344000005,-74.1161316058,594.8246490998354,53.0497375429136,1.0,1.0,1.0,1.0,350.7303466701024,204.91573328916715,11.472360528648787,1.0
1820000,1.4,90.0,3.0,4.69244,-74.08694,129.2783730993,195.48346526109802,1.0,1.0,1.0,1.0,181.03169644454934,136.16862176198134,922.946861274302,1.0
3800000,2.923076923076923,90.0,4.0,4.666111,-74.115603,412.1765159345008,319.32709765607245,1.0,1.0,1.0,1.0,338.07498511328527,305.3804163058143,363.8277038253257,1.0
2000000,1.5384615384615385,49.0,4.0,4.666111,-74.115603,412.1765159345008,319.32709765607245,1.0,1.0,1.0,1.0,338.07498511328527,305.3804163058143,363.8277038253257,1.0
1800000,1.3846153846153846,70.0,,4.70423,-74.09186,687.1340701805269,91.8598972271467,1.0,1.0,1.0,1.0,102.36854847989774,126.48801819076911,673.6021763654131,1.0
1350000,1.0384615384615385,22.0,4.0,4.6807684898376465,-74.06352233886719,149.58911867603194,398.9024055549782,1.0,1.0,1.0,1.0,54.05953610335068,249.66219074849533,80.9884926203754,1.0
3000000,2.3076923076923075,68.0,,4.64443,-74.10044,317.30680638935826,197.49761410407055,1.0,1.0,1.0,1.0,141.05003342189957,196.46003801816434,258.57358962233843,1.0
950000,0.7307692307692307,22.0,,4.70223,-74.09965,24.290760050030784,352.2583248635001,1.0,1.0,2.0,1.0,55.09553055758115,110.84862392981138,175.4666928267421,1.0
1800000,1.3846153846153846,53.98,4.0,4.65888,-74.12079,328.8778644812043,265.18407245918775,1.0,1.0,1.0,1.0,582.4413572369052,297.44480081016576,1188.857990102895,1.0
3500000,2.6923076923076925,87.0,4.0,4.6499263,-74.111677,487.97354247642687,350.13593106285754,1.0,1.0,1.0,1.0,327.8138433719092,287.6082017555493,456.4087681924516,1.0
1100000,0.8461538461538461,34.0,3.0,4.687914,-74.10176,757.0059465300812,37.25267322468822,2.0,1.0,1.0,2.0,65.23766760128161,50.83741167770103,815.9020407596469,1.0
2850000,2.1923076923076925,70.5,4.0,4.6403003,-74.10126,486.38355414316925,216.10009293775443,1.0,1.0,1.0,1.0,357.9999716044119,268.02332495147414,590.5302761318314,1.0
3200000,2.4615384615384617,63.7,,4.648621,-74.08056,284.4932410136676,195.53622743707095,1.0,1.0,1.0,1.0,621.3602348916667,729.8876371825527,1724.0383726988791,1.0
1300000,1.0,25.0,,4.691175,-74.06766,201.45641961468877,217.10379389975878,1.0,1.0,1.0,1.0,282.9349751591765,139.11666999587362,156.07252257117995,1.0
1390000,1.0692307692307692,40.0,3.0,4.68189,-74.06869,461.86969690557214,187.28068766036617,1.0,1.0,1.0,1.0,363.477801795558,50.56994641152167,468.81174979784254,1.0
1700000,1.3076923076923077,37.0,,4.660140514373779,-74.11763763427734,584.7666332901803,52.38824574893384,1.0,1.0,1.0,4.0,375.51318267395436,130.87758445863724,912.8959810349584,1.0
900000,0.6923076923076923,42.0,4.0,4.6990647315979,-74.07185363769531,225.09062988334952,215.4673072458366,1.0,1.0,1.0,1.0,17.650988562519174,388.02177667563757,62.167020912984505,1.0
4750000,3.6538461538461537,78.0,5.0,4.66307,-74.11185,366.1728769577097,274.50869395815505,1.0,1.0,1.0,1.0,653.9384558307617,530.5476291169142,198.97956603836843,1.0
1500000,1.1538461538461537,28.0,4.0,4.6660948,-74.1263733,346.31412924790504,115.64148659214409,1.0,1.0,1.0,1.0,129.4498807318361,120.30759547593459,332.1382864917552,1.0
2100000,1.6153846153846154,32.0,3.0,4.6569,-74.07836,82.91899940123052,233.75770433651206,1.0,1.0,1.0,1.0,274.64639463412,246.05977682319752,1683.7630620535085,1.0
1400000,1.0769230769230769,56.0,3.0,4.68036,-74.10169,1024.3322426161424,162.30031405361498,1.0,1.0,1.0,1.0,141.30860819729565,239.3392513138038,1305.8715635851954,1.0
1600000,1.2307692307692308,31.0,4.0,4.6653466,-74.1268366,258.7708407037775,69.55120331039183,1.0,1.0,1.0,1.0,221.52801173414662,194.90924919514623,356.5753572759608,1.0
1100000,0.8461538461538461,27.0,,4.696847438812256,-74.09463500976562,249.6685790144556,296.4723684259473,1.0,1.0,1.0,1.0,269.33104855846784,360.71596993044363,979.3520610391724,1.0
800000,0.6153846153846154,42.0,4.0,4.6990647315979,-74.07185363769531,225.09062988334952,215.4673072458366,1.0,1.0,1.0,1.0,17.650988562519174,388.02177667563757,62.167020912984505,1.0
26000000,20.0,272.0,,4.694759368896484,-74.08782958984375,171.5571438947966,172.65819212888897,1.0,1.0,1.0,1.0,141.3224869195901,209.09006014810288,801.94731795005,1.0
1500000,1.1538461538461537,28.0,4.0,4.6653466,-74.1268366,258.7708407037775,69.55120331039183,1.0,1.0,1.0,1.0,221.52801173414662,194.90924919514623,356.5753572759608,1.0
1400000,1.0769230769230769,56.0,3.0,4.68037,-74.10182,1034.0244594020714,168.18334630596334,1.0,1.0,1.0,1.0,152.96008447233328,245.34705007752171,1294.1647690450434,1.0
950000,0.7307692307692307,28.0,3.0,4.69657,-74.09443,280.82014264075,273.24766667350923,1.0,1.0,1.0,1.0,277.51187457175183,385.8879711686652,1015.7406210627894,1.0
1100000,0.8461538461538461,27.0,,4.696847438812256,-74.09463500976562,249.6685790144556,296.4723684259473,1.0,1.0,1.0,1.0,269.33104855846784,360.71596993044363,979.3520610391724,1.0
1100000,0.8461538461538461,27.0,,4.696847438812256,-74.09463500976562,249.6685790144556,296.4723684259473,1.0,1.0,1.0,1.0,269.33104855846784,360.71596993044363,979.3520610391724,1.0
2400000,1.8461538461538463,85.0,,4.656855696141307,-74.07762321613001,39.1352821487552,160.56061885092018,1.0,1.0,1.0,1.0,212.97487787950232,164.3479031901051,1602.2806357930176,1.0
1600000,1.2307692307692308,35.0,3.0,4.66541,-74.06981,448.39475447553326,55.45259462222537,1.0,1.0,1.0,4.0,74.22829761188285,219.3014591381298,872.7845163325848,1.0
2400000,1.8461538461538463,137.0,,4.661730766296387,-74.07982635498047,554.3208761025458,268.6529404391139,4.0,1.0,1.0,1.0,66.54427799776433,144.03199149914911,1494.9068862462266,1.0
1600000,1.2307692307692308,31.0,4.0,4.6643754,-74.1279483,106.46481188463052,66.4639110622762,1.0,1.0,1.0,3.0,67.32116517856905,44.81079087663748,323.48902866139036,1.0
1300000,1.0,22.0,4.0,4.6653466,-74.1268366,258.7708407037775,69.55120331039183,1.0,1.0,1.0,1.0,221.52801173414662,194.90924919514623,356.5753572759608,1.0
1300000,1.0,22.0,4.0,4.6807684898376465,-74.06352233886719,149.58911867603194,398.9024055549782,1.0,1.0,1.0,1.0,54.05953610335068,249.66219074849533,80.9884926203754,1.0
800000,0.6153846153846154,42.0,4.0,4.6990647315979,-74.07185363769531,225.09062988334952,215.4673072458366,1.0,1.0,1.0,1.0,17.650988562519174,388.02177667563757,62.167020912984505,1.0
1700000,1.3076923076923077,40.0,3.0,4.66541,-74.06981,448.39475447553326,55.45259462222537,1.0,1.0,1.0,4.0,74.22829761188285,219.3014591381298,872.7845163325848,1.0
1300000,1.0,22.0,4.0,4.6653466,-74.1268366,258.7708407037775,69.55120331039183,1.0,1.0,1.0,1.0,221.52801173414662,194.90924919514623,356.5753572759608,1.0
1200000,0.9230769230769231,87.0,,4.662020661795561,-74.11029330863322,171.52335318874395,143.1905103837382,1.0,1.0,1.0,1.0,667.0653899106411,483.80393606913907,106.68102278685062,1.0
1500000,1.1538461538461537,28.0,4.0,4.6653466,-74.1268366,258.7708407037775,69.55120331039183,1.0,1.0,1.0,1.0,221.52801173414662,194.90924919514623,356.5753572759608,1.0
2000000,1.5384615384615385,43.0,3.0,4.65465,-74.11806,266.3944024735824,277.5075428796497,1.0,1.0,1.0,1.0,274.31280954169733,651.2940882988077,1112.9724234355751,1.0
1400000,1.0769230769230769,56.0,3.0,4.68024,-74.10156,1023.3099062480395,145.67333951975945,1.0,1.0,1.0,1.0,137.9804603423516,245.22682432676,1325.4532190809457,1.0
1500000,1.1538461538461537,28.0,4.0,4.6653466,-74.1268366,258.7708407037775,69.55120331039183,1.0,1.0,1.0,1.0,221.52801173414662,194.90924919514623,356.5753572759608,1.0
1400000,1.0769230769230769,56.0,3.0,4.6802600000000005,-74.10149,1016.2579572390102,146.2430052297846,1.0,1.0,1.0,1.0,130.751101048029,240.24587674097873,1329.973600967134,1.0
6100000,4.6923076923076925,148.0,4.0,4.6469000000000005,-74.10356,477.1804639142864,100.06117305424834,1.0,1.0,1.0,1.0,321.0348021667194,452.28727343170857,376.06892445968987,1.0
1750000,1.3461538461538463,30.0,,4.66895,-74.08464,621.0676368657647,271.0262510751312,1.0,1.0,1.0,1.0,79.60190013285444,258.1871909932771,605.5087164682888,1.0
1600000,1.2307692307692308,46.0,3.0,4.6745063,-74.1202004,343.1968645364718,371.3648926531367,1.0,1.0,1.0,1.0,225.37752648413908,89.83464749467754,267.68270851015967,1.0
800000,0.6153846153846154,40.0,3.0,4.6771769523620605,-74.07778930664062,509.7711881131665,356.8145936391821,1.0,1.0,1.0,1.0,126.93738330201667,396.27168442223433,666.0059272704448,1.0
1400000,1.0769230769230769,56.0,,4.68063,-74.10149,987.6649362689175,186.64529698267108,1.0,1.0,1.0,1.0,107.02677999530017,202.712716167021,1304.0950263452987,1.0
3217200,2.4747692307692306,64.4,5.0,4.664699,-74.111381,422.6923838188161,168.6766026101666,1.0,1.0,1.0,1.0,489.29982718546756,556.1698455178157,62.072552773574124,1.0
1500000,1.1538461538461537,25.0,4.0,4.6653466,-74.1268366,258.7708407037775,69.55120331039183,1.0,1.0,1.0,1.0,221.52801173414662,194.90924919514623,356.5753572759608,1.0
3300000,2.5384615384615383,72.0,4.0,4.6539607,-74.1083205,458.78662757810304,109.91911115000597,1.0,1.0,1.0,1.0,130.29697227487426,116.24095833340434,398.7713520743653,1.0
2300000,1.7692307692307692,65.0,3.0,4.6557105083,-74.1174280643,272.2739659681131,195.39135576460473,1.0,1.0,1.0,1.0,254.64496692275875,559.177553448307,1143.7632014632818,1.0
1200000,0.9230769230769231,45.0,,4.68192,-74.06516,175.42059899486125,211.14898888102923,2.0,1.0,1.0,1.0,33.85157874605765,30.900603387000942,114.57012999470659,1.0
4000000,3.076923076923077,86.0,5.0,4.652623,-74.1072953,512.5040729565978,91.31298421162236,1.0,1.0,1.0,2.0,113.21827564087855,195.90839439641215,272.05249183017736,1.0
2500000,1.9230769230769231,57.0,,4.6760106,-74.12581,787.4787173265207,79.19674410492497,1.0,1.0,1.0,1.0,436.32079444998794,553.5912775277567,302.34422824224634,1.0
1500000,1.1538461538461537,28.0,3.0,4.654558,-74.117455,199.86921142302867,218.21440212174082,1.0,1.0,1.0,1.0,206.42294523966217,585.2238495758239,1158.1948816688575,1.0
2700000,2.076923076923077,40.1,,4.651558,-74.08387,638.9532274220691,45.28043503130081,1.0,1.0,1.0,1.0,413.2554647469996,449.74206146521453,1661.6819507647356,1.0
1500000,1.1538461538461537,70.0,3.0,4.68527,-74.09435,183.01189213337787,134.20602811453193,1.0,1.0,1.0,1.0,240.03464176143174,245.25026323040257,1230.9882653199625,1.0
1950000,1.5,35.0,5.0,4.65185,-74.08194,452.11779813356753,114.69739809051684,1.0,1.0,1.0,1.0,619.7630355627149,648.7879136388926,1860.224355613911,1.0
1250000,0.9615384615384616,50.0,3.0,4.6777372,-74.1338698,658.4768538311473,193.5804379711054,1.0,1.0,1.0,1.0,410.8168743771453,277.9591532104844,1116.6152308351207,1.0
1400000,1.0769230769230769,60.0,,4.69705,-74.12458,1419.1929157770387,166.85442718438688,2.0,1.0,1.0,1.0,16.416888792038606,80.24087388291039,1059.0228443384362,1.0
2300000,1.7692307692307692,42.0,4.0,4.66461,-74.1087,295.8865364295292,117.23167744261417,1.0,1.0,1.0,1.0,365.2099582703013,578.3261669201438,125.965898954538,1.0
1200000,0.9230769230769231,80.0,3.0,4.68615,-74.1035,942.0999834324232,9.336175656679755,1.0,2.0,1.0,3.0,95.92371787930156,189.5168020474395,731.212756161592,1.0
1600000,1.2307692307692308,30.0,4.0,4.66954,-74.11739,460.61814763988446,115.08821801446254,1.0,1.0,1.0,1.0,94.11903159442545,172.0535747377837,315.91738868182443,1.0
800000,0.6153846153846154,30.0,3.0,4.6771769523620605,-74.07778930664062,509.7711881131665,356.8145936391821,1.0,1.0,1.0,1.0,126.93738330201667,396.27168442223433,666.0059272704448,1.0
1500000,1.1538461538461537,30.0,4.0,4.6687422,-74.0847618,618.0984935839579,294.04901675658095,1.0,1.0,1.0,1.0,93.4420730093375,283.75149555910343,612.4097380948213,1.0
6500000,5.0,176.0,5.0,4.66151,-74.1139,573.3627932215717,60.7538514304876,1.0,1.0,1.0,1.0,491.1525598162087,376.9774197567148,484.0754400395602,1.0
1400000,1.0769230769230769,50.0,,4.7026900000000005,-74.0939,456.038002878072,236.43298225433597,1.0,1.0,1.0,1.0,198.46205913020984,200.84275472512638,628.5558894222631,1.0
3600000,2.769230769230769,120.0,4.0,4.683846006,-74.069629102,658.1960757531051,338.3457732218855,1.0,1.0,1.0,1.0,307.5392264164393,193.99471920015543,620.1574200057607,1.0
1450000,1.1153846153846154,50.0,3.0,4.6897697,-74.0747982,290.0776366023571,97.71784262548576,1.0,1.0,1.0,1.0,37.989071794281564,41.30108915922817,197.22934826443694,1.0
3800000,2.923076923076923,82.0,5.0,4.6734100000000005,-74.11468,334.7227119576933,241.14885980335953,1.0,1.0,1.0,1.0,347.4900334489167,463.4383994884065,99.63660144687296,1.0
1800000,1.3846153846153846,30.0,4.0,4.66874,-74.08489,605.3745267618808,306.49650647771404,1.0,1.0,1.0,1.0,89.58014264695747,294.3368688345163,602.9180163175597,1.0
2400000,1.8461538461538463,45.0,4.0,4.6637355,-74.1196602,874.9040996848036,156.4237447893327,1.0,1.0,1.0,1.0,202.977058597327,175.78510764831594,882.7494071043113,1.0
1550000,1.1923076923076923,31.0,4.0,4.6687415,-74.0848872,605.5816644167031,306.1444066029946,1.0,1.0,1.0,1.0,89.48546224958034,293.99497043865443,603.004688017015,1.0
2400000,1.8461538461538463,48.0,4.0,4.6591545,-74.1133517,596.0154196518193,180.17815086159464,1.0,1.0,1.0,1.0,311.40889390486626,119.03403421087182,560.9133375067304,1.0
2000000,1.5384615384615385,30.0,4.0,4.6866334,-74.06589,166.02472159122,135.4240418558964,1.0,1.0,1.0,1.0,83.24538606492351,63.71342539542681,166.08379740420622,1.0
5600000,4.3076923076923075,134.0,4.0,4.6424339,-74.1053557,630.966486081764,401.68014042193,1.0,1.0,1.0,1.0,398.64560625943386,409.7366253485105,598.4450107877711,1.0
1400000,1.0769230769230769,40.0,3.0,4.6969,-74.09469,241.90396993801275,303.0016449400259,1.0,1.0,1.0,1.0,266.8103501469721,356.68708770503264,971.011951428361,1.0
6000000,4.615384615384615,85.0,,4.64326,-74.10169,500.34026468844775,85.87196490067133,2.0,1.0,1.0,1.0,34.09357880927346,7.235114937971139,431.63743400335534,1.0
1200000,0.9230769230769231,70.0,3.0,4.6854700000000005,-74.1058,1164.7559780248787,141.85435415940304,1.0,1.0,1.0,1.0,179.57090646175925,156.01307820510235,593.0638686781809,1.0
2700000,2.076923076923077,65.0,4.0,4.6637355,-74.1196602,874.9040996848036,156.4237447893327,1.0,1.0,1.0,1.0,202.977058597327,175.78510764831594,882.7494071043113,1.0
1000000,0.7692307692307693,42.0,4.0,4.6990647315979,-74.07185363769531,225.09062988334952,215.4673072458366,1.0,1.0,1.0,1.0,17.650988562519174,388.02177667563757,62.167020912984505,1.0
1300000,1.0,20.0,4.0,4.6807891,-74.0634971,152.93976806039805,398.0079137679189,1.0,1.0,1.0,1.0,55.99199838526807,250.86842072029967,82.13644195461345,1.0
2000000,1.5384615384615385,33.0,4.0,4.66247,-74.12172,733.0951824583375,192.37438646521974,1.0,1.0,1.0,1.0,176.96442720895777,197.0320060898694,985.7601878232767,1.0
1361123,1.0470176923076924,51.0,,4.656627,-74.1254641,524.2270564119937,319.41954332835184,1.0,1.0,1.0,1.0,856.2105961703398,462.9488583671857,636.0940427815154,1.0
1700000,1.3076923076923077,50.0,,4.677276611328125,-74.07946014404297,547.9922140259483,415.61189478978054,1.0,1.0,1.0,1.0,100.82651948246767,226.5838954152243,529.055162886214,1.0
7000000,5.384615384615385,178.0,,4.653862,-74.113719,140.85946555245508,273.68404538828423,1.0,1.0,1.0,1.0,215.62044508338056,213.35479288716022,911.3130009406617,1.0
3100000,2.3846153846153846,72.78,4.0,4.64914,-74.08013,215.82476106401398,140.5838541004357,1.0,1.0,1.0,1.0,651.4178401292535,775.459544116373,1698.3639703240988,1.0
950000,0.7307692307692307,40.0,,4.6553105,-74.0694745,899.6806325372278,98.77225700794799,1.0,1.0,1.0,1.0,127.95456015983596,232.97346312537428,682.7522615477149,1.0
1200000,0.9230769230769231,21.36,,4.704776763916016,-74.10476684570312,38.5590032236619,362.90993687025843,1.0,1.0,1.0,1.0,171.30087127734615,147.64035679671667,433.76245603293677,1.0
1840000,1.4153846153846155,42.18,,4.65061,-74.07877,89.47866793695903,137.24894015985387,1.0,1.0,1.0,1.0,457.23534272683014,612.905488108737,1628.0288116853915,1.0
1600000,1.2307692307692308,72.0,2.0,4.696855068206787,-74.12511444091797,1404.7683149777338,103.94690900677878,2.0,1.0,1.0,1.0,78.00558206211015,61.69288028187644,1002.963782077284,1.0
3650000,2.8076923076923075,85.0,4.0,4.656873,-74.1090104,370.6763750225832,221.57957482155635,1.0,1.0,1.0,1.0,296.7297976271695,241.75405457129176,301.494973399051,1.0
1750000,1.3461538461538463,28.0,3.0,4.6819925,-74.11527,684.8804944029155,118.05136263004015,1.0,1.0,1.0,1.0,280.18653834088025,98.1034403879891,90.17063379594717,1.0
1800000,1.3846153846153846,30.0,,4.668832,-74.0843,660.9037230292985,245.51942892373822,1.0,1.0,1.0,1.0,114.67599534179142,241.5894988752538,641.8606405904305,1.0
1500000,1.1538461538461537,58.0,,4.6845818,-74.13244,1009.1162952743338,241.04867960459293,1.0,1.0,1.0,1.0,1029.1382088402756,596.0638209622405,496.84121659606666,1.0
1900000,1.4615384615384615,68.0,3.0,4.699175,-74.0981,284.75169381169917,569.651123646163,2.0,1.0,1.0,1.0,72.46983800358045,279.0463177228317,517.0667266642943,1.0
2950000,2.269230769230769,70.0,4.0,4.66509,-74.12774,158.3288228225702,36.72551664628552,1.0,1.0,1.0,1.0,125.07514892322727,98.02112290316285,300.8883573378277,1.0
1500000,1.1538461538461537,48.0,3.0,4.69178,-74.10848,577.2209851491086,106.69187058913616,1.0,1.0,1.0,2.0,179.35130561805855,150.76933733424485,76.05385568552849,1.0
2300000,1.7692307692307692,60.0,,4.700206756591797,-74.0765151977539,750.645301746435,305.0354028291213,1.0,1.0,1.0,1.0,313.51024770167186,103.82560766423784,125.97772317139471,1.0
3500000,2.6923076923076925,75.0,4.0,4.651372909545898,-74.10879516601562,390.9033644719464,68.47371185290255,1.0,1.0,1.0,2.0,163.41832628169126,294.1905772004116,312.3360795659432,1.0
1700000,1.3076923076923077,65.0,,4.6695404,-74.1164782,360.498505702211,52.48678001631074,2.0,1.0,1.0,1.0,65.04256476238241,227.35148051189282,230.70279480905316,1.0
2000000,1.5384615384615385,25.0,,4.700206756591797,-74.0765151977539,750.645301746435,305.0354028291213,1.0,1.0,1.0,1.0,313.51024770167186,103.82560766423784,125.97772317139471,1.0
2200000,1.6923076923076923,50.0,,4.700206756591797,-74.0765151977539,750.645301746435,305.0354028291213,1.0,1.0,1.0,1.0,313.51024770167186,103.82560766423784,125.97772317139471,1.0
1600000,1.2307692307692308,37.3,4.0,4.667943000793457,-74.1047592163086,798.4196588417735,174.45293154443624,1.0,1.0,1.0,1.0,191.79897813726777,149.17168031390938,697.7235852884413,1.0
2000000,1.5384615384615385,50.0,4.0,4.654164,-74.09977,415.398583748478,446.59570918346583,1.0,1.0,1.0,1.0,217.3806035281843,776.0141920924275,273.09369057936163,1.0
1800000,1.3846153846153846,43.0,,4.64868,-74.11492,543.9318012331104,687.3319496006136,1.0,1.0,1.0,1.0,604.6321416880926,506.57314736194513,620.3990089385629,1.0
3300000,2.5384615384615383,92.0,,4.6651726,-74.11372,427.5930769822445,169.55018922192357,1.0,1.0,1.0,1.0,411.53890905804985,397.93268995962507,247.51368682012247,1.0
6750000,5.1923076923076925,158.0,,4.6592336,-74.11086,379.52529353490115,149.9828253903421,1.0,1.0,1.0,1.0,363.1021401337145,221.877193265652,320.06500586212235,1.0
1700000,1.3076923076923077,100.0,3.0,4.7031659999999995,-74.10794,370.9136344644337,193.93180346994856,1.0,1.0,1.0,1.0,102.32100536922603,166.94235668172686,613.838069923907,1.0
1500000,1.1538461538461537,30.0,3.0,4.6696706,-74.09751,718.8161348796024,631.1335468210974,1.0,1.0,1.0,1.0,72.37981391907897,182.6075379322735,580.9356067864306,1.0
3600000,2.769230769230769,115.0,4.0,4.6876783,-74.07169,378.25918805297374,361.7869819797263,1.0,1.0,1.0,1.0,162.36216478816482,257.5972348278536,153.52492004571735,1.0
1100000,0.8461538461538461,50.0,,4.661422,-74.07348,553.9936608464207,67.7534307869712,1.0,1.0,1.0,2.0,278.6047250002896,432.1851047018321,1297.1281089299425,1.0
3500000,2.6923076923076925,75.0,4.0,4.640299,-74.10126,486.23984090377934,216.11497789926517,1.0,1.0,1.0,1.0,358.14073911036434,267.91841414705465,590.6441582221172,1.0
5000000,3.8461538461538463,92.0,4.0,4.650538,-74.11015,388.8386172683358,229.7169317645311,1.0,1.0,1.0,1.0,269.798136380913,320.1483960345973,376.07684665507855,1.0
1600000,1.2307692307692308,29.0,3.0,4.6818204,-74.11633,566.455591011351,19.01417409934503,1.0,1.0,1.0,1.0,355.088521251831,209.35169579896666,81.24732236302889,1.0
1700000,1.3076923076923077,41.0,,4.6460314,-74.11748,654.4964437644138,637.2547117002773,1.0,1.0,1.0,1.0,930.7783845303255,684.9270007004288,622.8450808622513,1.0
2000000,1.5384615384615385,32.0,4.0,4.671333,-74.06484,150.70606972995998,185.21751706272616,1.0,1.0,1.0,1.0,226.8332938638313,80.4393084550698,434.51474319882334,1.0
1200000,0.9230769230769231,63.0,,4.707171,-74.11452,588.8283805976067,95.85974359988147,1.0,1.0,1.0,1.0,427.4622003150362,87.09563956512862,1463.383283719625,1.0
1300000,1.0,57.0,3.0,4.7039349999999995,-74.10944,325.3402547587537,8.33382033713513,4.0,1.0,1.0,1.0,19.13136719302997,24.797363415292544,798.3476302692968,1.0
3450000,2.6538461538461537,101.0,,4.6980724,-74.07436,517.4295047704328,456.7229767487994,2.0,1.0,1.0,1.0,76.29573477148767,105.4653918982671,85.2186154347849,1.0
2600000,2.0,50.0,3.0,4.663427,-74.076866,403.027472229439,203.64618117072723,1.0,1.0,1.0,1.0,318.29491552361037,189.560064643619,1405.4033936782612,1.0
950000,0.7307692307692307,90.0,,4.6604486,-74.07257,670.6448025590461,80.14553829048332,1.0,1.0,1.0,2.0,170.16673330920318,434.6765595367538,1190.4033180399504,1.0
1800000,1.3846153846153846,48.0,,4.6460314,-74.11748,654.4964437644138,637.2547117002773,1.0,1.0,1.0,1.0,930.7783845303255,684.9270007004288,622.8450808622513,1.0
1800000,1.3846153846153846,65.0,,4.69727,-74.06946,214.6957584754327,178.78556602973438,1.0,1.0,1.0,1.0,127.46895731314001,574.0692480188986,70.58483770994302,1.0
2350000,1.8076923076923077,69.0,4.0,4.6659336,-74.132164,406.8010059875597,131.90556071234033,1.0,1.0,1.0,1.0,265.26978067018104,404.6507848731278,146.8576203572252,1.0
3300000,2.5384615384615383,75.0,,4.6566467,-74.10877,347.26476316205043,219.0767419911633,1.0,1.0,1.0,1.0,263.29097623474274,238.59182915309296,303.5033745530102,1.0
5000000,3.8461538461538463,104.01,4.0,4.6446895999999995,-74.103874,562.4995220615913,102.93548578319131,1.0,1.0,1.0,1.0,253.36908325507517,285.29841931959265,537.8879090191808,1.0
1500000,1.1538461538461537,95.0,3.0,4.677105,-74.08914,279.7632159514074,242.21859779349597,1.0,1.0,1.0,1.0,409.354136366368,96.60836588445183,268.22103581173155,1.0
3150000,2.423076923076923,89.0,,4.6603227,-74.08018,442.63850027145935,308.7914025441149,4.0,1.0,1.0,1.0,80.16825819302751,153.79944541414045,1563.9709981091871,1.0
3400000,2.6153846153846154,86.0,,4.6512203,-74.11097,506.4792292242043,187.04561910003193,1.0,1.0,1.0,1.0,188.23008127870506,202.01969492664747,493.33230373684444,1.0
1100000,0.8461538461538461,43.0,3.0,4.6973324,-74.09134,80.56400431451584,101.53202253728153,1.0,1.0,1.0,1.0,330.4981670457741,148.33695935799358,1038.6457731845246,2.0
2370000,1.823076923076923,38.0,4.0,4.671202,-74.06489,140.3604963356776,170.6005420229757,1.0,1.0,1.0,1.0,230.17274972555813,72.42054444372461,441.5385241382468,1.0
2100000,1.6153846153846154,65.0,,4.673563,-74.07764,675.718329827552,195.8212096550726,1.0,1.0,1.0,1.0,209.59934971629684,209.57524787408244,979.7110553390827,1.0
3800000,2.923076923076923,100.0,4.0,4.654852,-74.10943,487.67503531336007,88.95145540511074,1.0,1.0,1.0,2.0,71.62319247265654,64.19821347772438,448.39026737659424,1.0
2200000,1.6923076923076923,67.0,4.0,4.671682,-74.12008,498.9868338111591,398.11892205597627,1.0,2.0,1.0,1.0,229.54653889524695,352.67780908760653,437.0092464233962,1.0
2400000,1.8461538461538463,120.0,,4.673703,-74.063965,219.09746603939797,183.64762070116518,1.0,1.0,1.0,1.0,174.77819573428405,141.23081728087178,397.4905518222181,1.0
1900000,1.4615384615384615,31.0,,4.6871013999999995,-74.065315,97.63352906005008,176.36908943105567,2.0,1.0,1.0,1.0,38.0826785672979,78.47761617613315,87.08234371705262,1.0
1350000,1.0384615384615385,60.0,,4.6693406,-74.097206,674.9175848002923,658.0187033015508,1.0,1.0,1.0,1.0,55.690463241889724,227.4290876855614,532.1443511027708,1.0
1930000,1.4846153846153847,32.0,,4.670797,-74.06457,84.35484612703733,163.29153513584265,1.0,1.0,1.0,1.0,204.5010168956575,114.2915714401611,492.8604445317734,1.0
1600000,1.2307692307692308,20.0,,4.6654205,-74.06513,504.9827927184091,41.78008343373471,3.0,1.0,1.0,2.0,65.39120829239285,137.60259686175675,423.0748513330953,1.0
3600000,2.769230769230769,104.0,5.0,4.647101,-74.0842,639.6537872654138,120.19385128934462,1.0,1.0,1.0,1.0,429.10542912631183,387.67213212853295,1363.132726597251,1.0
2740000,2.1076923076923078,100.0,,4.6587060000000005,-74.11174,487.3935088570243,70.92174473334352,1.0,1.0,1.0,1.0,267.1440400376749,108.82332894573887,433.8072868467469,1.0
1650000,1.2692307692307692,42.5,,4.6473413,-74.11634,638.3535759194497,779.0381089920527,1.0,1.0,1.0,1.0,773.9949013748839,719.4042970516164,632.6827634157296,1.0
2250000,1.7307692307692308,80.0,4.0,4.7005386,-74.073135,396.6471123796807,403.59200055685056,1.0,1.0,1.0,1.0,231.5513958668658,340.26805640708585,135.7568316996822,1.0
6000000,4.615384615384615,124.0,5.0,4.642049,-74.10155,558.519832941406,82.60630010123973,1.0,1.0,1.0,1.0,162.30323930708377,133.030396538395,478.9933701084464,1.0
4800000,3.6923076923076925,80.0,4.0,4.6580744,-74.113045,538.664367968661,90.01391301082108,1.0,1.0,1.0,2.0,187.21686655722672,22.76698319976597,594.0780432802858,1.0
5100000,3.923076923076923,67.0,,4.6498933000000005,-74.10629,261.7843208488418,132.05687469361385,1.0,1.0,1.0,1.0,388.55702559108784,154.02657342681462,27.399353612546005,1.0
2850000,2.1923076923076925,89.0,4.0,4.6750627,-74.06392,85.53016553164852,63.27016613465256,1.0,1.0,1.0,2.0,128.69411560857037,110.22060602405742,359.9135617779129,1.0
1300000,1.0,54.0,3.0,4.6781880000000005,-74.11369,513.775784460781,304.72122899217374,1.0,1.0,1.0,1.0,203.58872260077064,393.2043035097491,476.88467676448187,1.0
1950000,1.5,36.0,4.0,4.6474285,-74.079445,246.33171403082966,195.77091628806065,1.0,1.0,1.0,1.0,447.58099874304935,594.8177615736108,1567.3103990981908,1.0
2600000,2.0,78.0,,4.695878,-74.07857,865.6538406591444,386.21559629721185,1.0,1.0,1.0,1.0,226.65370635934624,203.43107983412634,396.61303572520586,1.0
970000,0.7461538461538462,45.0,,4.6686587,-74.0734,157.61594226943234,188.55436307525778,1.0,1.0,1.0,1.0,97.0532380039662,568.7203500113907,717.8299915172815,1.0
2900000,2.230769230769231,75.0,,4.697239,-74.08533,434.1764166545198,92.2118790978772,1.0,1.0,1.0,2.0,517.0231827510204,39.12678842225815,416.14566316660904,1.0
2250000,1.7307692307692308,90.0,,4.7007346,-74.07366,458.7663966072441,465.2516909760815,1.0,1.0,1.0,1.0,248.6799890419868,320.2578307174759,175.9812958608244,1.0
2200000,1.6923076923076923,28.49,,4.6562123,-74.078636,152.87591978402165,199.11462664035727,1.0,1.0,1.0,1.0,263.1505077742486,279.20561202487045,1703.919460700822,1.0
1650000,1.2692307692307692,41.0,,4.646634,-74.11834,770.1279816455052,614.6436362795592,1.0,1.0,1.0,1.0,900.3828119259176,771.6809621793149,668.5693375547935,1.0
1400000,1.0769230769230769,50.0,3.0,4.6698256,-74.096954,721.4192879275824,636.4231025153067,3.0,1.0,1.0,1.0,17.119836309488637,191.87168256045965,544.1699762534652,1.0
3800000,2.923076923076923,70.0,4.0,4.6580744,-74.113045,538.664367968661,90.01391301082108,1.0,1.0,1.0,2.0,187.21686655722672,22.76698319976597,594.0780432802858,1.0
2000000,1.5384615384615385,41.5,,4.6460357,-74.11762,668.489063225929,639.7845139635571,1.0,1.0,1.0,1.0,938.8016826952165,688.291357628192,631.7820063401914,1.0
4400000,3.3846153846153846,100.0,5.0,4.673732,-74.11484,300.5724240192355,217.21644415139264,1.0,1.0,1.0,1.0,334.85933668474536,499.3786016355865,123.87107080423856,1.0
1750000,1.3461538461538463,46.0,,4.6513753,-74.11159,447.60941526526057,213.45108498044397,1.0,1.0,1.0,1.0,167.3739119362215,143.45458328752642,554.733162044147,1.0
1300000,1.0,44.0,3.0,4.6776029999999995,-74.13399,639.2289495990003,210.63300717206437,1.0,1.0,1.0,1.0,394.1357233108191,259.5746260507396,1114.5335807256297,1.0
2681000,2.062307692307692,64.0,4.0,4.6686587,-74.12669,545.0593448752588,148.62748462020164,1.0,1.0,1.0,1.0,256.9402033878603,229.41573964897222,141.83820272485332,1.0
2800000,2.1538461538461537,98.0,,4.6953735,-74.07762,918.6651164965111,267.0989793645024,1.0,1.0,1.0,1.0,202.9540771920458,211.69796873593512,412.32617807002293,1.0
900000,0.6923076923076923,22.0,3.0,4.6672597,-74.069,406.0402710180909,74.34496444204153,1.0,1.0,1.0,1.0,214.69402508965112,65.88193041288451,661.5589443770447,1.0
2550000,1.9615384615384615,65.0,4.0,4.6514344,-74.112,406.47435279742115,243.80084703726874,1.0,1.0,1.0,1.0,171.90317862182468,117.3528967682666,593.4226900094515,1.0
1700000,1.3076923076923077,55.0,4.0,4.6511145,-74.10021,165.53018046841515,463.1455410391396,1.0,1.0,1.0,1.0,281.5384036593323,658.8143384379912,111.43970993918555,1.0
2600000,2.0,65.0,,4.6835427,-74.09838,515.6705613406461,120.24048963456346,1.0,1.0,1.0,1.0,62.91651928370366,253.3890552484864,1365.5318445877338,1.0
1600000,1.2307692307692308,45.0,4.0,4.659351,-74.11968,400.5242189033021,147.91713879259765,1.0,1.0,1.0,1.0,505.1146689907024,173.7076205862835,1153.4119130729125,1.0
2850000,2.1923076923076925,70.0,,4.649003,-74.108185,121.72018805532316,222.364576208279,1.0,1.0,1.0,1.0,416.4095923055885,338.43214318305866,114.67244568150521,1.0
1100000,0.8461538461538461,30.0,3.0,4.7062073,-74.09083,561.9322120162149,241.08977525204054,1.0,1.0,1.0,1.0,303.21079953631977,158.73429577668438,583.0249848936083,1.0
1400000,1.0769230769230769,42.0,,4.6879425,-74.084,337.4015863820845,701.7734083923245,1.0,1.0,1.0,1.0,271.3943852177265,64.52363875849517,687.3419920632584,1.0
2500000,1.9230769230769231,84.0,4.0,4.6931415,-74.06944,252.8951483810573,244.38297593872136,1.0,1.0,1.0,1.0,249.63952783622491,400.067033265953,241.80619976626838,1.0
1300000,1.0,60.0,,4.692487,-74.08622,139.02424265709362,265.6266047045858,1.0,1.0,1.0,1.0,244.09717179241133,147.95315993566422,875.2458016813132,1.0
1800000,1.3846153846153846,72.0,,4.6785145,-74.123665,423.06297667038496,353.77808124105286,1.0,1.0,1.0,1.0,644.3080377355076,502.01663000273203,300.8796276817879,1.0
3000000,2.3076923076923075,88.0,,4.6835413,-74.09838,515.7779484786035,120.33995673797172,1.0,1.0,1.0,1.0,63.04061093247031,253.49100042066001,1365.6110886493884,1.0
1390000,1.0692307692307692,35.0,3.0,4.674987,-74.11201,572.5365836418617,340.12392033167305,2.0,1.0,1.0,1.0,91.84342828487837,459.6210758291825,436.1378145484528,1.0
850000,0.6538461538461539,28.0,,4.666318,-74.081696,784.2284617360953,300.91438721257555,1.0,1.0,1.0,1.0,42.76373143055669,258.43824367408627,1042.7593390935285,1.0
2650000,2.0384615384615383,70.0,4.0,4.6932216,-74.083466,283.70061728742553,398.8001572254342,1.0,1.0,1.0,1.0,522.0313735979071,179.5605506956012,685.6830478806417,1.0
4000000,3.076923076923077,84.0,5.0,4.6474366,-74.08302,531.8271460562243,227.62571514752332,1.0,1.0,1.0,1.0,515.2184041260383,491.67528135746846,1493.4372006936935,1.0
1200000,0.9230769230769231,62.0,3.0,4.6785426,-74.08914,362.6700654610883,202.69042525667663,1.0,1.0,1.0,1.0,524.500082617946,63.27005059405037,354.6768818753941,1.0
